customer_id,protection_score
CUST110000,17.2404
CUST110001,38.1051
CUST110002,33.6824
CUST110003,76.4812
CUST110004,21.0473
CUST110005,62.6842
CUST110006,19.9546
CUST110007,79.3198
CUST110008,44.7332
CUST110009,62.8673
CUST110010,37.1423
CUST110011,27.6015
CUST110012,59.7155
CUST110013,53.5411
CUST110014,97.422
CUST110015,40.7624
CUST110016,97.9203
CUST110017,58.981
CUST110018,3.9386
CUST110019,19.4217
CUST110020,14.0402
CUST110021,93.2985
CUST110022,77.304
CUST110023,30.6381
CUST110024,25.6926
CUST110025,13.9926
CUST110026,0.448
CUST110027,93.8332
CUST110028,54.1961
CUST110029,41.95
CUST110030,37.1077
CUST110031,61.7297
CUST110032,85.6861
CUST110033,11.3698
CUST110034,40.2614
CUST110035,97.7622
CUST110036,56.0728
CUST110037,66.8949
CUST110038,96.8606
CUST110039,89.6101
CUST110040,37.982
CUST110041,71.5747
CUST110042,91.036
CUST110043,62.519
CUST110044,27.2995
CUST110045,99.4175
CUST110046,40.8729
CUST110047,88.8495
CUST110048,71.9743
CUST110049,80.0895
CUST110050,62.502
CUST110051,20.1621
CUST110052,13.4412
CUST110053,98.8942
CUST110054,40.8573
CUST110055,44.9182
CUST110056,66.6428
CUST110057,23.0051
CUST110058,99.1668
CUST110059,63.6921
CUST110060,34.3147
CUST110061,63.9595
CUST110062,2.5225
CUST110063,13.7052
CUST110064,36.452
CUST110065,15.8889
CUST110066,33.5316
CUST110067,73.7882
CUST110068,37.3361
CUST110069,44.9365
CUST110070,61.1092
CUST110071,4.9223
CUST110072,44.31
CUST110073,35.706
CUST110074,14.5178
CUST110075,54.6297
CUST110076,14.3359
CUST110077,5.7156
CUST110078,71.0599
CUST110079,71.4251
CUST110080,34.5479
CUST110081,73.3837
CUST110082,54.1535
CUST110083,63.6762
CUST110084,95.9453
CUST110085,29.612
CUST110086,47.0105
CUST110087,81.9563
CUST110088,63.4688
CUST110089,26.8249
CUST110090,42.0231
CUST110091,2.3662
CUST110092,45.5626
CUST110093,96.6217
CUST110094,58.1653
CUST110095,60.8541
CUST110096,91.3247
CUST110097,51.9633
CUST110098,78.8685
CUST110099,44.1251
CUST110100,49.9659
CUST110101,88.6728
CUST110102,74.2532
CUST110103,71.4207
CUST110104,3.3374
CUST110105,1.8212
CUST110106,48.6493
CUST110107,43.6127
CUST110108,6.3357
CUST110109,71.0366
CUST110110,94.7094
CUST110111,5.5688
CUST110112,35.8577
CUST110113,97.8788
CUST110114,11.8857
CUST110115,54.6993
CUST110116,35.9454
CUST110117,47.0326
CUST110118,27.4722
CUST110119,42.4943
CUST110120,28.2158
CUST110121,42.421
CUST110122,63.6302
CUST110123,74.6166
CUST110124,49.1512
CUST110125,44.2934
CUST110126,23.0729
CUST110127,6.6241
CUST110128,80.365
CUST110129,72.7136
CUST110130,63.6089
CUST110131,4.4061
CUST110132,0.3117
CUST110133,44.0362
CUST110134,57.4622
CUST110135,86.0463
CUST110136,54.1835
CUST110137,44.9098
CUST110138,48.4767
CUST110139,4.7322
CUST110140,61.6033
CUST110141,18.6524
CUST110142,34.3873
CUST110143,72.3198
CUST110144,53.0896
CUST110145,48.0638
CUST110146,84.5922
CUST110147,55.5465
CUST110148,37.5092
CUST110149,59.0061
CUST110150,23.3179
CUST110151,69.7027
CUST110152,10.8514
CUST110153,47.5248
CUST110154,0.2726
CUST110155,38.4017
CUST110156,48.3395
CUST110157,79.2475
CUST110158,73.1895
CUST110159,63.8709
CUST110160,91.7312
CUST110161,92.0532
CUST110162,20.6938
CUST110163,91.6544
CUST110164,7.2435
CUST110165,15.4175
CUST110166,92.9705
CUST110167,43.6193
CUST110168,49.9708
CUST110169,93.98
CUST110170,3.8941
CUST110171,12.0668
CUST110172,37.1828
CUST110173,90.0643
CUST110174,69.6339
CUST110175,98.3341
CUST110176,7.1073
CUST110177,75.3052
CUST110178,19.5447
CUST110179,45.4756
CUST110180,58.333
CUST110181,34.9374
CUST110182,78.5574
CUST110183,78.0596
CUST110184,93.1942
CUST110185,27.7587
CUST110186,13.8752
CUST110187,92.8956
CUST110188,38.6225
CUST110189,68.4549
CUST110190,11.8005
CUST110191,52.1365
CUST110192,78.2743
CUST110193,25.6166
CUST110194,51.4844
CUST110195,25.4272
CUST110196,24.7998
CUST110197,52.9205
CUST110198,39.0356
CUST110199,47.2851
CUST110200,2.8082
CUST110201,42.5964
CUST110202,67.39
CUST110203,64.6225
CUST110204,46.2719
CUST110205,34.2743
CUST110206,8.9678
CUST110207,87.5195
CUST110208,56.6919
CUST110209,1.5455
CUST110210,2.7614
CUST110211,20.5803
CUST110212,1.9275
CUST110213,25.7028
CUST110214,47.7866
CUST110215,11.2121
CUST110216,42.8953
CUST110217,30.7625
CUST110218,63.3741
CUST110219,74.6796
CUST110220,14.1112
CUST110221,57.5409
CUST110222,69.7273
CUST110223,27.5609
CUST110224,26.2487
CUST110225,47.1945
CUST110226,10.6448
CUST110227,81.8512
CUST110228,83.669
CUST110229,15.1877
CUST110230,93.7349
CUST110231,34.1407
CUST110232,41.4649
CUST110233,20.0576
CUST110234,6.4214
CUST110235,65.551
CUST110236,80.6258
CUST110237,55.9095
CUST110238,92.3089
CUST110239,72.3561
CUST110240,1.079
CUST110241,29.4366
CUST110242,35.5413
CUST110243,65.844
CUST110244,75.2876
CUST110245,22.9573
CUST110246,41.9431
CUST110247,18.516
CUST110248,19.7501
CUST110249,66.5528
CUST110250,38.3269
CUST110251,46.5478
CUST110252,31.5136
CUST110253,73.4766
CUST110254,99.8237
CUST110255,32.1141
CUST110256,14.1
CUST110257,22.6453
CUST110258,92.2261
CUST110259,14.2128
CUST110260,29.7069
CUST110261,29.1179
CUST110262,98.3466
CUST110263,37.7856
CUST110264,11.5337
CUST110265,43.9588
CUST110266,86.365
CUST110267,89.4803
CUST110268,66.597
CUST110269,38.6155
CUST110270,36.5376
CUST110271,18.4617
CUST110272,33.97
CUST110273,16.2233
CUST110274,80.7573
CUST110275,7.709
CUST110276,89.3584
CUST110277,87.8869
CUST110278,94.2004
CUST110279,58.0502
CUST110280,35.9484
CUST110281,9.6856
CUST110282,93.2699
CUST110283,23.5936
CUST110284,81.4167
CUST110285,14.1878
CUST110286,33.9482
CUST110287,66.1504
CUST110288,65.8119
CUST110289,95.6438
CUST110290,65.4286
CUST110291,96.0641
CUST110292,43.7834
CUST110293,17.6958
CUST110294,56.8113
CUST110295,97.7423
CUST110296,11.606
CUST110297,73.918
CUST110298,69.2228
CUST110299,17.5762
CUST110300,80.641
CUST110301,10.5178
CUST110302,61.6731
CUST110303,67.7875
CUST110304,93.7053
CUST110305,34.7467
CUST110306,19.4559
CUST110307,13.8705
CUST110308,17.4904
CUST110309,0.369
CUST110310,10.8411
CUST110311,65.3196
CUST110312,36.6554
CUST110313,67.7636
CUST110314,17.3829
CUST110315,62.4516
CUST110316,81.214
CUST110317,12.2971
CUST110318,56.9906
CUST110319,79.0883
CUST110320,50.146
CUST110321,88.7939
CUST110322,71.2166
CUST110323,72.3623
CUST110324,18.9362
CUST110325,80.734
CUST110326,36.3469
CUST110327,86.3864
CUST110328,59.5748
CUST110329,55.6157
CUST110330,89.1349
CUST110331,89.7562
CUST110332,82.3052
CUST110333,0.8035
CUST110334,33.1261
CUST110335,63.0181
CUST110336,44.838
CUST110337,43.1751
CUST110338,54.7198
CUST110339,38.341
CUST110340,11.0267
CUST110341,63.9749
CUST110342,60.7626
CUST110343,67.4094
CUST110344,10.7513
CUST110345,3.3532
CUST110346,76.8174
CUST110347,50.9154
CUST110348,42.0115
CUST110349,77.2832
CUST110350,88.5457
CUST110351,23.4002
CUST110352,79.1459
CUST110353,45.9863
CUST110354,38.0476
CUST110355,99.1895
CUST110356,52.4776
CUST110357,83.1306
CUST110358,29.1136
CUST110359,60.9324
CUST110360,98.9707
CUST110361,17.2914
CUST110362,89.2907
CUST110363,7.4406
CUST110364,9.7144
CUST110365,80.2774
CUST110366,50.0213
CUST110367,46.9742
CUST110368,9.3147
CUST110369,64.7332
CUST110370,87.6764
CUST110371,20.0307
CUST110372,61.2515
CUST110373,86.7577
CUST110374,34.6132
CUST110375,7.3568
CUST110376,10.686
CUST110377,12.9802
CUST110378,34.5529
CUST110379,47.2442
CUST110380,46.9626
CUST110381,89.6404
CUST110382,30.4645
CUST110383,7.8831
CUST110384,57.7508
CUST110385,93.8555
CUST110386,7.0403
CUST110387,69.4976
CUST110388,71.7993
CUST110389,19.3479
CUST110390,63.4783
CUST110391,60.0201
CUST110392,11.5182
CUST110393,57.165
CUST110394,20.4094
CUST110395,46.0248
CUST110396,88.1798
CUST110397,36.5306
CUST110398,24.8389
CUST110399,39.3999
CUST110400,17.0848
CUST110401,46.0489
CUST110402,56.0344
CUST110403,76.8434
CUST110404,21.4007
CUST110405,56.5771
CUST110406,52.7324
CUST110407,99.1315
CUST110408,32.1961
CUST110409,86.5184
CUST110410,15.8636
CUST110411,83.2052
CUST110412,50.8649
CUST110413,63.5343
CUST110414,73.5146
CUST110415,6.0544
CUST110416,26.7237
CUST110417,95.4629
CUST110418,74.0503
CUST110419,4.7643
CUST110420,43.6088
CUST110421,78.7177
CUST110422,86.7983
CUST110423,97.0458
CUST110424,36.0328
CUST110425,52.3924
CUST110426,27.0073
CUST110427,80.905
CUST110428,9.317
CUST110429,36.5784
CUST110430,69.1454
CUST110431,68.7412
CUST110432,37.903
CUST110433,98.2759
CUST110434,67.539
CUST110435,31.1015
CUST110436,25.2703
CUST110437,84.3897
CUST110438,62.6347
CUST110439,65.2433
CUST110440,80.0998
CUST110441,37.1556
CUST110442,74.6597
CUST110443,25.3982
CUST110444,74.8568
CUST110445,46.5504
CUST110446,0.5767
CUST110447,64.0228
CUST110448,45.0004
CUST110449,27.686
CUST110450,99.8258
CUST110451,34.5226
CUST110452,42.0961
CUST110453,55.9749
CUST110454,20.9623
CUST110455,1.9127
CUST110456,77.964
CUST110457,92.0799
CUST110458,91.394
CUST110459,9.2151
CUST110460,95.1628
CUST110461,28.2007
CUST110462,57.1465
CUST110463,91.0092
CUST110464,51.7104
CUST110465,90.7273
CUST110466,66.3418
CUST110467,88.5647
CUST110468,67.8382
CUST110469,54.72
CUST110470,89.1292
CUST110471,24.7744
CUST110472,2.2666
CUST110473,28.1709
CUST110474,20.4043
CUST110475,39.5699
CUST110476,79.0178
CUST110477,75.0113
CUST110478,42.9623
CUST110479,30.9247
CUST110480,59.4236
CUST110481,41.9481
CUST110482,5.7445
CUST110483,18.3807
CUST110484,47.0055
CUST110485,89.2232
CUST110486,77.0071
CUST110487,19.8956
CUST110488,0.4878
CUST110489,21.7677
CUST110490,80.9245
CUST110491,39.1632
CUST110492,10.8429
CUST110493,35.8726
CUST110494,81.803
CUST110495,14.0015
CUST110496,32.4191
CUST110497,73.7516
CUST110498,2.3601
CUST110499,81.7616
CUST110500,94.3114
CUST110501,28.2841
CUST110502,23.2912
CUST110503,98.0045
CUST110504,31.079
CUST110505,31.6619
CUST110506,90.3403
CUST110507,96.9379
CUST110508,90.7266
CUST110509,8.8685
CUST110510,62.5204
CUST110511,29.8962
CUST110512,38.3218
CUST110513,33.3582
CUST110514,28.319
CUST110515,81.5375
CUST110516,20.8348
CUST110517,33.0038
CUST110518,63.0507
CUST110519,51.5017
CUST110520,25.9576
CUST110521,20.9444
CUST110522,22.7949
CUST110523,2.0869
CUST110524,64.2193
CUST110525,48.797
CUST110526,42.7439
CUST110527,27.0351
CUST110528,86.2628
CUST110529,4.3405
CUST110530,25.3685
CUST110531,18.2864
CUST110532,68.1231
CUST110533,42.9484
CUST110534,12.4318
CUST110535,23.3638
CUST110536,58.8005
CUST110537,17.1473
CUST110538,97.7819
CUST110539,77.1161
CUST110540,20.9788
CUST110541,69.8611
CUST110542,58.1848
CUST110543,35.424
CUST110544,0.5822
CUST110545,55.8599
CUST110546,8.9317
CUST110547,56.9446
CUST110548,54.2345
CUST110549,18.262
CUST110550,57.3706
CUST110551,78.7654
CUST110552,31.5979
CUST110553,24.3068
CUST110554,71.5493
CUST110555,20.8285
CUST110556,67.1426
CUST110557,77.0719
CUST110558,21.7427
CUST110559,11.5539
CUST110560,0.226
CUST110561,57.9231
CUST110562,67.7331
CUST110563,82.0405
CUST110564,50.5177
CUST110565,75.2703
CUST110566,57.5083
CUST110567,12.2956
CUST110568,2.7625
CUST110569,61.0171
CUST110570,64.5389
CUST110571,24.0067
CUST110572,10.0127
CUST110573,41.3474
CUST110574,16.2835
CUST110575,82.714
CUST110576,15.2468
CUST110577,37.2469
CUST110578,50.8544
CUST110579,43.1372
CUST110580,47.0283
CUST110581,12.5716
CUST110582,96.5285
CUST110583,74.5426
CUST110584,17.2035
CUST110585,84.2356
CUST110586,34.5865
CUST110587,97.6458
CUST110588,3.524
CUST110589,60.1721
CUST110590,69.7976
CUST110591,84.1529
CUST110592,96.4036
CUST110593,7.9257
CUST110594,85.5895
CUST110595,4.6295
CUST110596,46.4756
CUST110597,84.896
CUST110598,24.2282
CUST110599,22.9401
CUST110600,39.6498
CUST110601,30.6071
CUST110602,3.0261
CUST110603,27.6601
CUST110604,19.1352
CUST110605,68.1485
CUST110606,27.7694
CUST110607,62.8289
CUST110608,32.1911
CUST110609,82.231
CUST110610,22.6422
CUST110611,24.9373
CUST110612,75.5883
CUST110613,76.4038
CUST110614,7.9471
CUST110615,21.4074
CUST110616,88.8343
CUST110617,17.5846
CUST110618,25.0635
CUST110619,92.6346
CUST110620,3.0897
CUST110621,80.4003
CUST110622,99.5768
CUST110623,70.7472
CUST110624,20.2963
CUST110625,31.1479
CUST110626,30.1025
CUST110627,19.3545
CUST110628,53.1073
CUST110629,68.7098
CUST110630,84.8115
CUST110631,92.369
CUST110632,83.5623
CUST110633,68.5926
CUST110634,73.2854
CUST110635,15.7419
CUST110636,20.4809
CUST110637,88.2319
CUST110638,2.3511
CUST110639,32.2374
CUST110640,43.621
CUST110641,12.5899
CUST110642,47.5371
CUST110643,49.0202
CUST110644,96.4554
CUST110645,72.7504
CUST110646,11.4452
CUST110647,64.1146
CUST110648,57.367
CUST110649,86.8228
CUST110650,71.8486
CUST110651,82.0601
CUST110652,67.9705
CUST110653,71.2673
CUST110654,19.6995
CUST110655,1.8992
CUST110656,99.2329
CUST110657,15.2132
CUST110658,50.3565
CUST110659,51.1616
CUST110660,25.5941
CUST110661,92.4004
CUST110662,4.0354
CUST110663,8.4902
CUST110664,69.3089
CUST110665,12.9698
CUST110666,15.6263
CUST110667,31.0829
CUST110668,25.0295
CUST110669,80.5761
CUST110670,68.3849
CUST110671,29.5275
CUST110672,38.2504
CUST110673,55.5615
CUST110674,86.488
CUST110675,65.8265
CUST110676,20.4505
CUST110677,53.4726
CUST110678,10.9247
CUST110679,48.5403
CUST110680,34.9301
CUST110681,52.1968
CUST110682,62.7659
CUST110683,55.4299
CUST110684,75.0883
CUST110685,71.8421
CUST110686,67.0135
CUST110687,16.8974
CUST110688,40.836
CUST110689,20.7466
CUST110690,5.9035
CUST110691,68.6047
CUST110692,78.9291
CUST110693,23.471
CUST110694,85.868
CUST110695,98.2171
CUST110696,94.2522
CUST110697,10.3226
CUST110698,65.7657
CUST110699,90.1327
CUST110700,88.9173
CUST110701,37.8793
CUST110702,19.4518
CUST110703,38.4977
CUST110704,18.5392
CUST110705,62.75
CUST110706,35.7613
CUST110707,87.6193
CUST110708,9.7246
CUST110709,50.8953
CUST110710,23.1103
CUST110711,95.3732
CUST110712,3.5778
CUST110713,66.6375
CUST110714,56.4863
CUST110715,3.267
CUST110716,28.151
CUST110717,64.9375
CUST110718,7.8399
CUST110719,91.7164
CUST110720,2.3078
CUST110721,75.8336
CUST110722,82.536
CUST110723,5.3959
CUST110724,52.2142
CUST110725,67.7597
CUST110726,55.5229
CUST110727,36.8013
CUST110728,4.0215
CUST110729,49.6534
CUST110730,35.9107
CUST110731,47.9328
CUST110732,54.4679
CUST110733,94.8164
CUST110734,80.4951
CUST110735,73.6198
CUST110736,57.9645
CUST110737,34.5706
CUST110738,17.5627
CUST110739,46.0033
CUST110740,28.0199
CUST110741,96.1305
CUST110742,31.9458
CUST110743,92.0927
CUST110744,72.1065
CUST110745,86.5103
CUST110746,51.2166
CUST110747,63.0346
CUST110748,41.6074
CUST110749,47.0088
CUST110750,75.3492
CUST110751,82.4702
CUST110752,89.8734
CUST110753,60.3664
CUST110754,69.2226
CUST110755,29.6223
CUST110756,18.8348
CUST110757,34.1681
CUST110758,41.2299
CUST110759,18.3195
CUST110760,36.3403
CUST110761,93.5668
CUST110762,12.3153
CUST110763,78.337
CUST110764,80.1231
CUST110765,22.0241
CUST110766,1.8642
CUST110767,4.5779
CUST110768,78.2517
CUST110769,93.5755
CUST110770,52.3562
CUST110771,86.0659
CUST110772,22.4028
CUST110773,12.5753
CUST110774,58.9411
CUST110775,50.2067
CUST110776,42.5489
CUST110777,44.6536
CUST110778,83.4629
CUST110779,13.0683
CUST110780,8.5107
CUST110781,14.1387
CUST110782,76.0547
CUST110783,55.74
CUST110784,25.2848
CUST110785,92.3219
CUST110786,81.6485
CUST110787,90.1901
CUST110788,57.1964
CUST110789,54.5805
CUST110790,38.2311
CUST110791,7.1326
CUST110792,11.8708
CUST110793,60.1345
CUST110794,53.6542
CUST110795,16.9709
CUST110796,40.5694
CUST110797,71.519
CUST110798,5.5742
CUST110799,53.2663
CUST110800,7.9513
CUST110801,49.0657
CUST110802,54.1312
CUST110803,60.2406
CUST110804,22.8849
CUST110805,66.1986
CUST110806,14.688
CUST110807,2.535
CUST110808,0.7208
CUST110809,30.8401
CUST110810,73.7575
CUST110811,74.0215
CUST110812,33.949
CUST110813,34.243
CUST110814,85.8714
CUST110815,90.7858
CUST110816,53.8349
CUST110817,64.7999
CUST110818,93.7724
CUST110819,9.3733
CUST110820,18.3171
CUST110821,43.1039
CUST110822,50.3379
CUST110823,13.5867
CUST110824,84.8686
CUST110825,65.8412
CUST110826,21.5296
CUST110827,71.1165
CUST110828,59.3456
CUST110829,61.8802
CUST110830,43.5945
CUST110831,18.982
CUST110832,81.6467
CUST110833,61.5158
CUST110834,41.5064
CUST110835,15.3464
CUST110836,54.1403
CUST110837,90.5397
CUST110838,76.1192
CUST110839,95.9531
CUST110840,49.5251
CUST110841,74.0087
CUST110842,93.7127
CUST110843,57.2951
CUST110844,95.5646
CUST110845,56.9203
CUST110846,14.5602
CUST110847,78.8571
CUST110848,44.4133
CUST110849,73.3603
CUST110850,27.7523
CUST110851,44.0796
CUST110852,50.6844
CUST110853,50.1312
CUST110854,56.8451
CUST110855,95.4175
CUST110856,50.0047
CUST110857,35.0123
CUST110858,63.9189
CUST110859,41.0975
CUST110860,84.4439
CUST110861,23.7735
CUST110862,55.9272
CUST110863,23.3691
CUST110864,72.9169
CUST110865,29.971
CUST110866,38.3302
CUST110867,76.4946
CUST110868,83.9238
CUST110869,8.6486
CUST110870,46.2982
CUST110871,16.4389
CUST110872,57.1367
CUST110873,37.4036
CUST110874,42.05
CUST110875,57.5038
CUST110876,33.2193
CUST110877,76.7361
CUST110878,86.4083
CUST110879,13.3271
CUST110880,44.5501
CUST110881,4.2687
CUST110882,86.4685
CUST110883,21.2741
CUST110884,18.4458
CUST110885,88.3337
CUST110886,9.6235
CUST110887,71.3006
CUST110888,54.1954
CUST110889,30.9764
CUST110890,14.8275
CUST110891,87.0757
CUST110892,30.47
CUST110893,42.2718
CUST110894,55.9162
CUST110895,97.2892
CUST110896,50.0716
CUST110897,2.9042
CUST110898,80.7449
CUST110899,95.8727
CUST110900,7.8298
CUST110901,94.025
CUST110902,90.2027
CUST110903,0.3043
CUST110904,10.1609
CUST110905,64.339
CUST110906,77.4585
CUST110907,37.9679
CUST110908,37.8245
CUST110909,74.7335
CUST110910,43.209
CUST110911,27.6484
CUST110912,73.1882
CUST110913,21.8515
CUST110914,21.67
CUST110915,75.4916
CUST110916,94.9137
CUST110917,52.256
CUST110918,9.8047
CUST110919,0.8008
CUST110920,46.5172
CUST110921,5.6147
CUST110922,57.3572
CUST110923,40.9901
CUST110924,14.1516
CUST110925,37.3355
CUST110926,67.0474
CUST110927,79.7077
CUST110928,39.0289
CUST110929,40.773
CUST110930,14.2179
CUST110931,71.738
CUST110932,98.3022
CUST110933,16.0543
CUST110934,99.6791
CUST110935,1.4891
CUST110936,65.0807
CUST110937,69.2434
CUST110938,46.4587
CUST110939,97.5925
CUST110940,67.6698
CUST110941,6.5635
CUST110942,11.0636
CUST110943,38.1827
CUST110944,90.8061
CUST110945,5.1237
CUST110946,23.8274
CUST110947,71.6975
CUST110948,86.6126
CUST110949,19.6687
CUST110950,56.4319
CUST110951,48.4505
CUST110952,89.8814
CUST110953,43.3227
CUST110954,18.3126
CUST110955,97.5603
CUST110956,49.4398
CUST110957,96.1565
CUST110958,73.2622
CUST110959,41.7627
CUST110960,68.1091
CUST110961,71.9671
CUST110962,0.9377
CUST110963,79.581
CUST110964,1.7695
CUST110965,18.0098
CUST110966,31.1232
CUST110967,78.1533
CUST110968,38.316
CUST110969,21.8552
CUST110970,20.5982
CUST110971,4.6614
CUST110972,89.9103
CUST110973,87.8412
CUST110974,45.2748
CUST110975,48.5136
CUST110976,30.9936
CUST110977,4.8385
CUST110978,7.5198
CUST110979,97.5899
CUST110980,0.4574
CUST110981,54.7471
CUST110982,90.9671
CUST110983,85.5759
CUST110984,53.3065
CUST110985,7.402
CUST110986,97.3614
CUST110987,5.6971
CUST110988,9.2522
CUST110989,39.0153
CUST110990,8.2682
CUST110991,22.5614
CUST110992,74.4009
CUST110993,83.6138
CUST110994,3.5012
CUST110995,0.0955
CUST110996,25.3412
CUST110997,73.2591
CUST110998,50.7208
CUST110999,33.01
CUST111000,21.1527
CUST111001,49.8543
CUST111002,22.8715
CUST111003,61.3538
CUST111004,75.0735
CUST111005,9.4296
CUST111006,68.9874
CUST111007,46.9842
CUST111008,59.5099
CUST111009,8.786
CUST111010,40.986
CUST111011,37.3378
CUST111012,84.8163
CUST111013,13.647
CUST111014,52.3528
CUST111015,5.8282
CUST111016,74.7764
CUST111017,20.3526
CUST111018,34.3306
CUST111019,33.3832
CUST111020,2.4907
CUST111021,13.0098
CUST111022,41.5215
CUST111023,21.7941
CUST111024,80.1834
CUST111025,18.3317
CUST111026,63.1794
CUST111027,13.9413
CUST111028,29.6483
CUST111029,42.8222
CUST111030,64.3468
CUST111031,73.2988
CUST111032,53.5131
CUST111033,21.9456
CUST111034,17.8614
CUST111035,80.3872
CUST111036,88.5518
CUST111037,37.5455
CUST111038,98.2522
CUST111039,96.9976
CUST111040,31.8989
CUST111041,75.8109
CUST111042,95.7161
CUST111043,76.9471
CUST111044,13.3538
CUST111045,47.2577
CUST111046,71.8351
CUST111047,14.5374
CUST111048,56.2032
CUST111049,40.6906
CUST111050,91.5567
CUST111051,30.367
CUST111052,16.4432
CUST111053,19.8122
CUST111054,48.0229
CUST111055,56.3371
CUST111056,25.5408
CUST111057,22.3798
CUST111058,14.3837
CUST111059,84.0027
CUST111060,18.7713
CUST111061,54.1775
CUST111062,31.0917
CUST111063,42.5617
CUST111064,25.9297
CUST111065,34.8591
CUST111066,28.4594
CUST111067,52.7652
CUST111068,54.6773
CUST111069,2.0378
CUST111070,60.0658
CUST111071,30.6469
CUST111072,61.177
CUST111073,12.5231
CUST111074,34.0675
CUST111075,88.966
CUST111076,74.6785
CUST111077,47.5931
CUST111078,66.5027
CUST111079,30.4476
CUST111080,86.7209
CUST111081,80.7109
CUST111082,23.4981
CUST111083,79.6612
CUST111084,43.035
CUST111085,63.4847
CUST111086,50.7489
CUST111087,88.6292
CUST111088,16.295
CUST111089,56.7832
CUST111090,18.1014
CUST111091,13.7071
CUST111092,7.2643
CUST111093,45.1214
CUST111094,66.026
CUST111095,37.2797
CUST111096,10.8841
CUST111097,52.3046
CUST111098,91.5726
CUST111099,42.2821
CUST111100,7.27
CUST111101,86.0192
CUST111102,15.4582
CUST111103,69.6577
CUST111104,1.0754
CUST111105,39.7964
CUST111106,97.2096
CUST111107,41.4211
CUST111108,55.4465
CUST111109,62.9525
CUST111110,34.5041
CUST111111,94.5868
CUST111112,42.4095
CUST111113,11.0471
CUST111114,10.3212
CUST111115,18.8914
CUST111116,88.2578
CUST111117,14.726
CUST111118,24.6704
CUST111119,57.5831
CUST111120,78.4059
CUST111121,96.8622
CUST111122,24.3667
CUST111123,21.2801
CUST111124,29.47
CUST111125,58.5861
CUST111126,32.783
CUST111127,72.9875
CUST111128,46.7922
CUST111129,89.8531
CUST111130,45.3224
CUST111131,81.4597
CUST111132,68.4553
CUST111133,10.9881
CUST111134,1.7524
CUST111135,63.5899
CUST111136,64.4812
CUST111137,15.0684
CUST111138,62.7801
CUST111139,42.3843
CUST111140,58.2244
CUST111141,99.7842
CUST111142,3.4882
CUST111143,36.8468
CUST111144,28.432
CUST111145,34.5884
CUST111146,82.284
CUST111147,41.4239
CUST111148,59.7342
CUST111149,42.4767
CUST111150,42.3748
CUST111151,4.9396
CUST111152,22.4913
CUST111153,88.6015
CUST111154,69.4469
CUST111155,82.5269
CUST111156,78.3
CUST111157,2.4167
CUST111158,40.0504
CUST111159,17.4061
CUST111160,6.1765
CUST111161,21.9218
CUST111162,2.1366
CUST111163,11.4419
CUST111164,67.7686
CUST111165,3.5983
CUST111166,44.6541
CUST111167,17.9342
CUST111168,67.1124
CUST111169,42.2355
CUST111170,27.7738
CUST111171,54.0923
CUST111172,55.82
CUST111173,18.6238
CUST111174,65.3063
CUST111175,88.2334
CUST111176,65.2531
CUST111177,78.5776
CUST111178,35.1299
CUST111179,80.1682
CUST111180,19.8323
CUST111181,14.8818
CUST111182,22.9531
CUST111183,81.4269
CUST111184,7.0233
CUST111185,23.9796
CUST111186,12.2308
CUST111187,15.3963
CUST111188,20.8093
CUST111189,24.9618
CUST111190,33.6151
CUST111191,58.4443
CUST111192,91.9519
CUST111193,34.3018
CUST111194,40.0351
CUST111195,51.7617
CUST111196,73.093
CUST111197,63.3505
CUST111198,14.8264
CUST111199,81.2555
CUST111200,96.6247
CUST111201,64.9626
CUST111202,52.2125
CUST111203,78.5408
CUST111204,42.5867
CUST111205,73.3341
CUST111206,30.4373
CUST111207,22.1688
CUST111208,56.8772
CUST111209,21.3272
CUST111210,36.0066
CUST111211,14.2058
CUST111212,94.1399
CUST111213,1.3805
CUST111214,4.7182
CUST111215,89.2887
CUST111216,43.9614
CUST111217,65.3827
CUST111218,24.5506
CUST111219,20.6416
CUST111220,55.5636
CUST111221,6.7239
CUST111222,68.6765
CUST111223,85.2322
CUST111224,26.8055
CUST111225,36.6204
CUST111226,48.9053
CUST111227,84.0185
CUST111228,24.3439
CUST111229,48.3436
CUST111230,57.7605
CUST111231,4.9851
CUST111232,28.2168
CUST111233,49.3663
CUST111234,80.2723
CUST111235,59.4868
CUST111236,91.2582
CUST111237,94.5414
CUST111238,32.5605
CUST111239,30.1778
CUST111240,75.2056
CUST111241,85.2874
CUST111242,48.5729
CUST111243,60.1982
CUST111244,41.919
CUST111245,43.4668
CUST111246,21.8133
CUST111247,12.5831
CUST111248,98.4364
CUST111249,8.8431
CUST111250,93.8516
CUST111251,89.2326
CUST111252,76.088
CUST111253,87.5282
CUST111254,96.8733
CUST111255,69.2687
CUST111256,90.4585
CUST111257,17.012
CUST111258,51.0359
CUST111259,63.3987
CUST111260,13.5259
CUST111261,74.9729
CUST111262,38.6254
CUST111263,45.346
CUST111264,22.185
CUST111265,10.4372
CUST111266,83.3898
CUST111267,33.5332
CUST111268,24.6639
CUST111269,52.7938
CUST111270,57.7252
CUST111271,2.3485
CUST111272,76.4829
CUST111273,23.5354
CUST111274,22.4002
CUST111275,47.053
CUST111276,41.6805
CUST111277,66.0021
CUST111278,85.666
CUST111279,15.5124
CUST111280,57.6229
CUST111281,80.8383
CUST111282,91.5227
CUST111283,86.0785
CUST111284,87.1016
CUST111285,47.9147
CUST111286,96.2199
CUST111287,3.3149
CUST111288,90.0354
CUST111289,8.3889
CUST111290,19.7655
CUST111291,35.9278
CUST111292,41.1961
CUST111293,68.7963
CUST111294,97.6579
CUST111295,36.4388
CUST111296,3.4066
CUST111297,3.954
CUST111298,97.8253
CUST111299,20.2549
CUST111300,80.6374
CUST111301,96.6595
CUST111302,35.6749
CUST111303,12.1338
CUST111304,69.3606
CUST111305,8.3214
CUST111306,28.9581
CUST111307,6.8205
CUST111308,39.2193
CUST111309,9.0339
CUST111310,73.6965
CUST111311,9.4178
CUST111312,72.2676
CUST111313,68.6403
CUST111314,34.7907
CUST111315,52.8976
CUST111316,74.8712
CUST111317,18.785
CUST111318,45.8447
CUST111319,26.3881
CUST111320,60.1226
CUST111321,80.1764
CUST111322,22.258
CUST111323,57.7794
CUST111324,32.7924
CUST111325,2.4576
CUST111326,28.6053
CUST111327,44.6261
CUST111328,44.1243
CUST111329,92.6936
CUST111330,4.309
CUST111331,55.8968
CUST111332,93.8518
CUST111333,81.2583
CUST111334,70.1485
CUST111335,32.6994
CUST111336,8.0131
CUST111337,19.1339
CUST111338,65.3898
CUST111339,12.7974
CUST111340,97.6931
CUST111341,29.769
CUST111342,31.4832
CUST111343,62.7079
CUST111344,4.1977
CUST111345,88.3515
CUST111346,18.9303
CUST111347,76.736
CUST111348,94.894
CUST111349,98.803
CUST111350,31.3567
CUST111351,45.9706
CUST111352,68.4275
CUST111353,69.3121
CUST111354,36.5118
CUST111355,47.0729
CUST111356,91.4461
CUST111357,43.6805
CUST111358,41.0895
CUST111359,39.1201
CUST111360,48.613
CUST111361,40.1611
CUST111362,62.965
CUST111363,50.135
CUST111364,91.6289
CUST111365,86.1923
CUST111366,66.0928
CUST111367,55.0314
CUST111368,39.1842
CUST111369,12.3171
CUST111370,56.641
CUST111371,68.2118
CUST111372,41.4566
CUST111373,9.1501
CUST111374,5.7012
CUST111375,69.6426
CUST111376,46.9063
CUST111377,4.8077
CUST111378,36.3087
CUST111379,70.962
CUST111380,89.2987
CUST111381,35.0748
CUST111382,91.1433
CUST111383,27.8075
CUST111384,95.3722
CUST111385,82.3064
CUST111386,42.1063
CUST111387,25.2878
CUST111388,91.8709
CUST111389,70.6264
CUST111390,25.3248
CUST111391,29.6504
CUST111392,68.3664
CUST111393,8.0266
CUST111394,93.2523
CUST111395,0.9688
CUST111396,31.1255
CUST111397,53.9734
CUST111398,11.0227
CUST111399,91.666
CUST111400,75.7279
CUST111401,28.4033
CUST111402,30.0323
CUST111403,41.9625
CUST111404,3.6871
CUST111405,75.4629
CUST111406,57.5493
CUST111407,71.1112
CUST111408,40.8109
CUST111409,25.1606
CUST111410,92.882
CUST111411,13.6956
CUST111412,25.2779
CUST111413,34.5821
CUST111414,69.8156
CUST111415,36.9606
CUST111416,10.5001
CUST111417,40.8401
CUST111418,23.7573
CUST111419,9.5801
CUST111420,82.7332
CUST111421,5.2185
CUST111422,39.1827
CUST111423,71.8283
CUST111424,77.1429
CUST111425,12.0363
CUST111426,51.4494
CUST111427,18.758
CUST111428,68.3362
CUST111429,1.0787
CUST111430,19.3507
CUST111431,91.792
CUST111432,18.6361
CUST111433,23.4582
CUST111434,49.1554
CUST111435,48.3387
CUST111436,39.7525
CUST111437,6.5714
CUST111438,86.3962
CUST111439,83.5498
CUST111440,78.5453
CUST111441,46.9522
CUST111442,22.9783
CUST111443,10.7773
CUST111444,82.8538
CUST111445,1.6955
CUST111446,10.2612
CUST111447,17.4488
CUST111448,30.325
CUST111449,29.1389
CUST111450,20.6752
CUST111451,53.863
CUST111452,6.8669
CUST111453,92.4198
CUST111454,39.0449
CUST111455,44.1733
CUST111456,26.2949
CUST111457,52.5983
CUST111458,63.8994
CUST111459,6.8494
CUST111460,18.8316
CUST111461,3.8924
CUST111462,94.2578
CUST111463,14.8438
CUST111464,32.7946
CUST111465,13.0224
CUST111466,82.6803
CUST111467,52.7961
CUST111468,63.8646
CUST111469,43.9354
CUST111470,54.4961
CUST111471,37.5398
CUST111472,11.8828
CUST111473,84.6391
CUST111474,63.9347
CUST111475,36.3025
CUST111476,56.9625
CUST111477,90.6087
CUST111478,67.7883
CUST111479,81.4753
CUST111480,68.1972
CUST111481,68.7818
CUST111482,40.2013
CUST111483,23.1429
CUST111484,88.2576
CUST111485,55.6112
CUST111486,24.9354
CUST111487,35.5628
CUST111488,7.1719
CUST111489,31.1065
CUST111490,40.6499
CUST111491,20.1683
CUST111492,23.8185
CUST111493,97.2458
CUST111494,97.9403
CUST111495,95.4523
CUST111496,66.8619
CUST111497,63.7767
CUST111498,62.1182
CUST111499,9.7222
CUST111500,47.4634
CUST111501,79.486
CUST111502,88.2074
CUST111503,31.6543
CUST111504,61.8922
CUST111505,62.4083
CUST111506,90.5989
CUST111507,85.4254
CUST111508,64.4394
CUST111509,20.5938
CUST111510,52.9721
CUST111511,26.1345
CUST111512,43.4167
CUST111513,61.9265
CUST111514,10.874
CUST111515,30.029
CUST111516,43.5413
CUST111517,34.0324
CUST111518,51.4739
CUST111519,96.3386
CUST111520,82.1254
CUST111521,16.0788
CUST111522,26.2702
CUST111523,51.5083
CUST111524,14.0116
CUST111525,37.6192
CUST111526,71.8721
CUST111527,75.5299
CUST111528,93.1924
CUST111529,6.7829
CUST111530,88.1724
CUST111531,32.8553
CUST111532,51.3772
CUST111533,34.6428
CUST111534,19.1215
CUST111535,95.3916
CUST111536,24.5126
CUST111537,66.5967
CUST111538,24.0778
CUST111539,29.0613
CUST111540,73.2226
CUST111541,4.2436
CUST111542,9.8563
CUST111543,34.5666
CUST111544,53.7101
CUST111545,76.38
CUST111546,12.8183
CUST111547,36.7485
CUST111548,8.4155
CUST111549,88.5817
CUST111550,82.9443
CUST111551,78.9333
CUST111552,40.4348
CUST111553,75.6226
CUST111554,50.1096
CUST111555,4.1788
CUST111556,0.347
CUST111557,79.3995
CUST111558,6.6951
CUST111559,90.7047
CUST111560,1.5965
CUST111561,29.378
CUST111562,50.9223
CUST111563,82.6517
CUST111564,35.7967
CUST111565,43.94
CUST111566,36.4854
CUST111567,76.0878
CUST111568,59.1263
CUST111569,50.2129
CUST111570,92.063
CUST111571,22.1278
CUST111572,71.6454
CUST111573,79.1105
CUST111574,46.0038
CUST111575,35.4395
CUST111576,90.2089
CUST111577,5.4404
CUST111578,85.3466
CUST111579,95.6482
CUST111580,30.0596
CUST111581,84.033
CUST111582,11.8692
CUST111583,3.9214
CUST111584,69.7548
CUST111585,0.8416
CUST111586,35.4173
CUST111587,88.8577
CUST111588,11.7437
CUST111589,15.6285
CUST111590,56.5747
CUST111591,65.3618
CUST111592,57.8018
CUST111593,15.7284
CUST111594,54.4916
CUST111595,62.6865
CUST111596,20.8168
CUST111597,72.6432
CUST111598,68.736
CUST111599,56.8433
CUST111600,38.0333
CUST111601,46.0724
CUST111602,90.9498
CUST111603,76.0884
CUST111604,2.5086
CUST111605,37.5735
CUST111606,63.1949
CUST111607,52.8246
CUST111608,51.2645
CUST111609,34.5015
CUST111610,54.7135
CUST111611,73.0888
CUST111612,64.7846
CUST111613,11.8318
CUST111614,12.1659
CUST111615,38.9246
CUST111616,51.7268
CUST111617,69.4733
CUST111618,99.193
CUST111619,26.6529
CUST111620,73.5105
CUST111621,52.7535
CUST111622,2.4077
CUST111623,85.6625
CUST111624,26.0418
CUST111625,45.45
CUST111626,40.9613
CUST111627,61.9383
CUST111628,46.0505
CUST111629,73.852
CUST111630,1.1805
CUST111631,72.7362
CUST111632,64.8444
CUST111633,57.3771
CUST111634,43.9437
CUST111635,31.6026
CUST111636,19.482
CUST111637,50.78
CUST111638,62.8412
CUST111639,48.6403
CUST111640,0.636
CUST111641,19.6082
CUST111642,70.0876
CUST111643,1.6373
CUST111644,6.1832
CUST111645,0.8132
CUST111646,55.5884
CUST111647,86.9039
CUST111648,10.1688
CUST111649,62.7944
CUST111650,55.4621
CUST111651,1.9974
CUST111652,5.075
CUST111653,78.6921
CUST111654,63.4206
CUST111655,19.1682
CUST111656,57.9406
CUST111657,2.3771
CUST111658,1.289
CUST111659,62.278
CUST111660,1.4087
CUST111661,67.521
CUST111662,62.2981
CUST111663,97.9571
CUST111664,67.1713
CUST111665,16.6574
CUST111666,7.0036
CUST111667,54.6447
CUST111668,93.0493
CUST111669,37.1006
CUST111670,71.7899
CUST111671,6.4148
CUST111672,65.0176
CUST111673,8.9927
CUST111674,60.5868
CUST111675,38.4344
CUST111676,34.9616
CUST111677,26.4444
CUST111678,34.614
CUST111679,70.2424
CUST111680,47.0855
CUST111681,37.9956
CUST111682,56.7844
CUST111683,17.8316
CUST111684,6.4632
CUST111685,75.8466
CUST111686,56.0608
CUST111687,27.8068
CUST111688,93.7967
CUST111689,41.058
CUST111690,72.0111
CUST111691,11.6876
CUST111692,81.9644
CUST111693,59.3218
CUST111694,61.8759
CUST111695,14.8263
CUST111696,29.1401
CUST111697,59.4197
CUST111698,98.3522
CUST111699,88.2344
CUST111700,6.1525
CUST111701,21.4387
CUST111702,75.6029
CUST111703,65.2014
CUST111704,48.3948
CUST111705,56.5481
CUST111706,47.93
CUST111707,35.6053
CUST111708,83.7223
CUST111709,25.7343
CUST111710,76.4421
CUST111711,62.112
CUST111712,28.2875
CUST111713,14.8912
CUST111714,55.9407
CUST111715,98.5434
CUST111716,17.524
CUST111717,76.0427
CUST111718,64.1959
CUST111719,46.4962
CUST111720,39.1879
CUST111721,35.2477
CUST111722,33.2182
CUST111723,80.4727
CUST111724,55.9516
CUST111725,56.9866
CUST111726,57.6887
CUST111727,21.916
CUST111728,0.4724
CUST111729,98.4705
CUST111730,40.6293
CUST111731,36.8268
CUST111732,89.0021
CUST111733,19.7981
CUST111734,41.9783
CUST111735,43.4754
CUST111736,70.6431
CUST111737,19.8722
CUST111738,15.2319
CUST111739,47.3212
CUST111740,45.0875
CUST111741,75.0067
CUST111742,96.727
CUST111743,73.8128
CUST111744,58.2043
CUST111745,13.3419
CUST111746,20.6105
CUST111747,60.9543
CUST111748,39.5526
CUST111749,49.5249
CUST111750,30.0656
CUST111751,58.4982
CUST111752,20.7003
CUST111753,11.7145
CUST111754,1.4667
CUST111755,31.0383
CUST111756,37.6729
CUST111757,91.2621
CUST111758,59.2373
CUST111759,53.5181
CUST111760,55.8421
CUST111761,82.4321
CUST111762,32.3781
CUST111763,29.4801
CUST111764,62.9237
CUST111765,21.7429
CUST111766,61.1865
CUST111767,91.3472
CUST111768,24.6765
CUST111769,84.5402
CUST111770,63.0162
CUST111771,67.5983
CUST111772,95.5984
CUST111773,85.5739
CUST111774,24.9217
CUST111775,94.9022
CUST111776,33.3414
CUST111777,15.0
CUST111778,44.723
CUST111779,32.0612
CUST111780,90.6545
CUST111781,43.3354
CUST111782,76.4676
CUST111783,24.7941
CUST111784,24.9817
CUST111785,78.0994
CUST111786,28.4264
CUST111787,88.1523
CUST111788,84.2424
CUST111789,92.6997
CUST111790,39.5952
CUST111791,33.3028
CUST111792,64.187
CUST111793,58.3739
CUST111794,68.2417
CUST111795,9.7403
CUST111796,5.1637
CUST111797,56.1139
CUST111798,3.6791
CUST111799,6.6192
CUST111800,46.2397
CUST111801,61.4114
CUST111802,55.2637
CUST111803,95.3855
CUST111804,50.629
CUST111805,79.196
CUST111806,43.3912
CUST111807,47.7704
CUST111808,52.369
CUST111809,11.3628
CUST111810,67.2561
CUST111811,89.0038
CUST111812,8.4897
CUST111813,41.6388
CUST111814,97.4113
CUST111815,5.6072
CUST111816,72.5649
CUST111817,27.1064
CUST111818,62.1711
CUST111819,65.1633
CUST111820,34.394
CUST111821,92.2384
CUST111822,87.2929
CUST111823,4.4193
CUST111824,95.9727
CUST111825,36.568
CUST111826,9.4661
CUST111827,16.5966
CUST111828,4.0649
CUST111829,74.5265
CUST111830,36.9858
CUST111831,2.0689
CUST111832,22.4693
CUST111833,25.5745
CUST111834,88.7759
CUST111835,42.3358
CUST111836,16.4258
CUST111837,43.4362
CUST111838,75.454
CUST111839,13.7517
CUST111840,88.0492
CUST111841,46.3303
CUST111842,96.414
CUST111843,24.6371
CUST111844,69.3123
CUST111845,78.5136
CUST111846,78.6611
CUST111847,73.0594
CUST111848,10.2719
CUST111849,16.1091
CUST111850,69.0962
CUST111851,74.6088
CUST111852,35.4166
CUST111853,36.1294
CUST111854,31.7262
CUST111855,9.2217
CUST111856,27.0754
CUST111857,92.2602
CUST111858,58.4006
CUST111859,10.8351
CUST111860,86.9283
CUST111861,64.6535
CUST111862,88.4829
CUST111863,76.4707
CUST111864,94.9388
CUST111865,92.0106
CUST111866,60.643
CUST111867,59.5289
CUST111868,10.3465
CUST111869,22.8011
CUST111870,21.1578
CUST111871,61.8904
CUST111872,65.454
CUST111873,75.8624
CUST111874,73.5833
CUST111875,38.0234
CUST111876,92.3141
CUST111877,0.9147
CUST111878,63.5161
CUST111879,59.0568
CUST111880,18.9226
CUST111881,53.8105
CUST111882,68.8339
CUST111883,76.9415
CUST111884,33.7836
CUST111885,63.3228
CUST111886,53.2874
CUST111887,89.8478
CUST111888,68.8243
CUST111889,89.5733
CUST111890,40.2606
CUST111891,77.8646
CUST111892,87.4514
CUST111893,84.466
CUST111894,51.6691
CUST111895,28.6851
CUST111896,53.5467
CUST111897,45.3661
CUST111898,52.1193
CUST111899,62.9829
CUST111900,33.4159
CUST111901,85.2153
CUST111902,41.3763
CUST111903,62.8264
CUST111904,37.3104
CUST111905,22.3122
CUST111906,72.4415
CUST111907,61.5491
CUST111908,13.5219
CUST111909,75.3747
CUST111910,60.0181
CUST111911,40.6889
CUST111912,84.9673
CUST111913,14.8854
CUST111914,41.2113
CUST111915,62.7156
CUST111916,8.3093
CUST111917,32.3493
CUST111918,5.5986
CUST111919,77.1837
CUST111920,44.6374
CUST111921,62.8516
CUST111922,82.0338
CUST111923,41.7893
CUST111924,93.3512
CUST111925,49.8683
CUST111926,11.6918
CUST111927,45.1426
CUST111928,74.8705
CUST111929,77.5056
CUST111930,18.7793
CUST111931,7.5108
CUST111932,37.1935
CUST111933,30.567
CUST111934,78.0343
CUST111935,99.8265
CUST111936,78.0287
CUST111937,46.4326
CUST111938,82.38
CUST111939,58.684
CUST111940,2.6655
CUST111941,56.3007
CUST111942,58.6951
CUST111943,30.6696
CUST111944,59.7966
CUST111945,27.3776
CUST111946,52.4569
CUST111947,88.9753
CUST111948,14.4185
CUST111949,26.7689
CUST111950,28.3073
CUST111951,61.4435
CUST111952,1.7893
CUST111953,74.8166
CUST111954,24.2082
CUST111955,89.2633
CUST111956,37.6076
CUST111957,19.4291
CUST111958,68.278
CUST111959,56.7751
CUST111960,8.6646
CUST111961,89.3664
CUST111962,19.5011
CUST111963,56.1318
CUST111964,31.8543
CUST111965,15.5556
CUST111966,75.8027
CUST111967,61.1972
CUST111968,9.8191
CUST111969,39.127
CUST111970,36.3882
CUST111971,74.1955
CUST111972,20.559
CUST111973,7.7607
CUST111974,99.3179
CUST111975,3.1652
CUST111976,21.4718
CUST111977,45.2876
CUST111978,45.9135
CUST111979,84.1588
CUST111980,94.7034
CUST111981,14.9962
CUST111982,71.76
CUST111983,72.2155
CUST111984,98.3808
CUST111985,16.6643
CUST111986,88.9016
CUST111987,27.5997
CUST111988,76.8659
CUST111989,87.8699
CUST111990,5.9092
CUST111991,26.8564
CUST111992,28.4224
CUST111993,60.8284
CUST111994,28.2144
CUST111995,23.9394
CUST111996,55.4018
CUST111997,9.2479
CUST111998,61.1307
CUST111999,1.288
