customer_id,protection_score
CUST110000,100.0000
CUST110001,70.6904
CUST110002,48.4616
CUST110003,66.4512
CUST110004,98.0045
CUST110005,33.5447
CUST110006,65.5291
CUST110007,66.3354
CUST110008,67.8838
CUST110009,77.6315
CUST110010,44.7059
CUST110011,76.1562
CUST110012,50.9526
CUST110013,54.3760
CUST110014,94.3536
CUST110015,72.8097
CUST110016,63.3048
CUST110017,54.1987
CUST110018,28.9320
CUST110019,54.2293
CUST110020,17.1249
CUST110021,93.3018
CUST110022,45.6927
CUST110023,100.0000
CUST110024,87.2678
CUST110025,73.7541
CUST110026,78.9882
CUST110027,72.9666
CUST110028,88.5675
CUST110029,77.9939
CUST110030,68.1881
CUST110031,24.3313
CUST110032,91.4330
CUST110033,80.0847
CUST110034,23.9041
CUST110035,90.8653
CUST110036,79.1392
CUST110037,98.0854
CUST110038,99.1179
CUST110039,58.5515
CUST110040,46.6898
CUST110041,72.6381
CUST110042,52.0653
CUST110043,35.7745
CUST110044,80.7800
CUST110045,56.9412
CUST110046,72.6950
CUST110047,72.4502
CUST110048,93.7950
CUST110049,24.5973
CUST110050,85.7302
CUST110051,20.1531
CUST110052,47.8022
CUST110053,92.1996
CUST110054,49.2901
CUST110055,95.7800
CUST110056,57.9461
CUST110057,37.2583
CUST110058,79.6658
CUST110059,68.2293
CUST110060,86.6476
CUST110061,81.2275
CUST110062,83.8127
CUST110063,57.7455
CUST110064,79.3573
CUST110065,40.7888
CUST110066,85.3826
CUST110067,86.4605
CUST110068,13.6709
CUST110069,54.1150
CUST110070,57.6747
CUST110071,69.4585
CUST110072,75.1171
CUST110073,64.0386
CUST110074,86.9143
CUST110075,58.4405
CUST110076,76.5247
CUST110077,72.5242
CUST110078,10.6907
CUST110079,64.1864
CUST110080,67.2872
CUST110081,99.0695
CUST110082,51.0951
CUST110083,56.0839
CUST110084,42.3448
CUST110085,61.7951
CUST110086,70.3424
CUST110087,75.2764
CUST110088,62.1613
CUST110089,62.0623
CUST110090,56.5836
CUST110091,72.2734
CUST110092,98.6252
CUST110093,96.4661
CUST110094,100.0000
CUST110095,87.5777
CUST110096,69.5831
CUST110097,71.9103
CUST110098,82.2473
CUST110099,4.8361
CUST110100,39.2222
CUST110101,72.5390
CUST110102,76.5571
CUST110103,38.4917
CUST110104,61.5530
CUST110105,86.0715
CUST110106,86.9483
CUST110107,49.9587
CUST110108,88.4586
CUST110109,68.7563
CUST110110,47.2586
CUST110111,66.8803
CUST110112,36.5176
CUST110113,40.7600
CUST110114,67.8542
CUST110115,9.9249
CUST110116,81.6082
CUST110117,81.1461
CUST110118,80.0772
CUST110119,82.2878
CUST110120,40.7808
CUST110121,82.0143
CUST110122,85.2861
CUST110123,43.5222
CUST110124,66.7518
CUST110125,79.8624
CUST110126,55.7298
CUST110127,35.0309
CUST110128,93.0167
CUST110129,52.8794
CUST110130,84.2765
CUST110131,75.7352
CUST110132,78.2852
CUST110133,51.2193
CUST110134,70.6956
CUST110135,91.5340
CUST110136,76.2480
CUST110137,68.7784
CUST110138,91.4786
CUST110139,17.2153
CUST110140,96.7890
CUST110141,51.4431
CUST110142,61.2381
CUST110143,86.6369
CUST110144,32.8169
CUST110145,89.2770
CUST110146,71.9796
CUST110147,60.9661
CUST110148,72.8978
CUST110149,72.5720
CUST110150,47.7678
CUST110151,21.4482
CUST110152,95.6443
CUST110153,69.5926
CUST110154,78.5466
CUST110155,81.6924
CUST110156,81.3165
CUST110157,26.2263
CUST110158,43.8783
CUST110159,40.2409
CUST110160,78.5684
CUST110161,73.4708
CUST110162,96.8260
CUST110163,49.0947
CUST110164,7.5600
CUST110165,85.2125
CUST110166,55.4003
CUST110167,57.8366
CUST110168,98.1454
CUST110169,78.0674
CUST110170,46.3481
CUST110171,92.8784
CUST110172,66.4641
CUST110173,29.7821
CUST110174,96.6296
CUST110175,88.2247
CUST110176,95.4093
CUST110177,72.5390
CUST110178,48.5514
CUST110179,77.8516
CUST110180,88.8034
CUST110181,51.2059
CUST110182,75.6908
CUST110183,70.7688
CUST110184,90.1624
CUST110185,70.4175
CUST110186,62.0359
CUST110187,36.7005
CUST110188,39.0403
CUST110189,78.9389
CUST110190,26.7883
CUST110191,75.4069
CUST110192,34.4187
CUST110193,63.4855
CUST110194,73.6588
CUST110195,90.3618
CUST110196,98.8460
CUST110197,67.6971
CUST110198,76.9325
CUST110199,41.5407
CUST110200,55.4766
CUST110201,100.0000
CUST110202,89.9349
CUST110203,89.1228
CUST110204,79.2272
CUST110205,58.8871
CUST110206,96.0220
CUST110207,98.6896
CUST110208,82.1614
CUST110209,24.3740
CUST110210,29.6561
CUST110211,52.4265
CUST110212,85.3740
CUST110213,81.0456
CUST110214,74.6847
CUST110215,49.2304
CUST110216,48.5793
CUST110217,52.2388
CUST110218,59.6778
CUST110219,86.7727
CUST110220,70.6490
CUST110221,85.2682
CUST110222,86.8574
CUST110223,70.0570
CUST110224,87.4096
CUST110225,31.2269
CUST110226,85.0418
CUST110227,85.0649
CUST110228,89.3948
CUST110229,54.4245
CUST110230,46.7779
CUST110231,51.8234
CUST110232,51.8241
CUST110233,91.9146
CUST110234,61.2277
CUST110235,88.8422
CUST110236,24.9826
CUST110237,37.1336
CUST110238,63.9889
CUST110239,72.2903
CUST110240,92.9236
CUST110241,42.2682
CUST110242,54.4547
CUST110243,69.4632
CUST110244,70.3445
CUST110245,67.0317
CUST110246,63.9736
CUST110247,83.4861
CUST110248,62.6638
CUST110249,58.5789
CUST110250,94.9631
CUST110251,44.9353
CUST110252,60.8747
CUST110253,96.3880
CUST110254,74.3053
CUST110255,78.4480
CUST110256,80.7436
CUST110257,83.7698
CUST110258,72.3831
CUST110259,90.1274
CUST110260,45.7945
CUST110261,76.4040
CUST110262,71.7372
CUST110263,87.4628
CUST110264,49.0661
CUST110265,37.2046
CUST110266,78.4154
CUST110267,59.4201
CUST110268,47.9495
CUST110269,6.2341
CUST110270,70.8155
CUST110271,83.3875
CUST110272,33.0909
CUST110273,79.9383
CUST110274,40.1918
CUST110275,95.6716
CUST110276,44.7369
CUST110277,72.2389
CUST110278,73.8383
CUST110279,91.9096
CUST110280,86.6914
CUST110281,75.8322
CUST110282,84.3579
CUST110283,37.4334
CUST110284,34.6709
CUST110285,91.8785
CUST110286,46.7164
CUST110287,46.2797
CUST110288,75.7937
CUST110289,98.6516
CUST110290,73.1076
CUST110291,44.7452
CUST110292,39.6509
CUST110293,50.1351
CUST110294,47.7024
CUST110295,68.1430
CUST110296,25.2915
CUST110297,47.5601
CUST110298,95.2813
CUST110299,65.6665
CUST110300,96.6588
CUST110301,98.5672
CUST110302,87.5774
CUST110303,12.5146
CUST110304,21.1450
CUST110305,65.9455
CUST110306,47.9212
CUST110307,52.7824
CUST110308,58.6917
CUST110309,71.9241
CUST110310,86.9772
CUST110311,59.4121
CUST110312,75.8554
CUST110313,72.2002
CUST110314,97.5181
CUST110315,50.8864
CUST110316,54.2198
CUST110317,32.5235
CUST110318,94.8078
CUST110319,71.6820
CUST110320,95.1436
CUST110321,32.9615
CUST110322,75.4678
CUST110323,80.5425
CUST110324,75.4006
CUST110325,64.3597
CUST110326,82.0269
CUST110327,70.2331
CUST110328,93.2534
CUST110329,79.8844
CUST110330,16.5459
CUST110331,47.3044
CUST110332,74.1017
CUST110333,83.4550
CUST110334,80.4914
CUST110335,46.2575
CUST110336,99.6615
CUST110337,62.7011
CUST110338,88.0099
CUST110339,95.3094
CUST110340,62.1791
CUST110341,79.4226
CUST110342,79.1133
CUST110343,93.7878
CUST110344,58.7980
CUST110345,67.8701
CUST110346,35.3373
CUST110347,72.3157
CUST110348,54.4331
CUST110349,90.2168
CUST110350,56.9360
CUST110351,36.5757
CUST110352,53.9358
CUST110353,72.8970
CUST110354,85.9520
CUST110355,46.2519
CUST110356,54.9965
CUST110357,91.4744
CUST110358,58.0946
CUST110359,45.5347
CUST110360,87.1186
CUST110361,97.8022
CUST110362,100.0000
CUST110363,85.9916
CUST110364,96.4806
CUST110365,39.8132
CUST110366,100.0000
CUST110367,83.5885
CUST110368,76.3908
CUST110369,75.7433
CUST110370,88.8018
CUST110371,72.6144
CUST110372,86.8966
CUST110373,33.7334
CUST110374,85.8231
CUST110375,95.9842
CUST110376,84.2869
CUST110377,61.7339
CUST110378,41.7080
CUST110379,91.3203
CUST110380,94.6124
CUST110381,85.9191
CUST110382,83.8881
CUST110383,57.1883
CUST110384,75.5557
CUST110385,76.8657
CUST110386,45.4260
CUST110387,58.0133
CUST110388,75.5267
CUST110389,74.5102
CUST110390,75.3893
CUST110391,38.1593
CUST110392,68.9700
CUST110393,53.9675
CUST110394,94.5350
CUST110395,29.2559
CUST110396,41.7499
CUST110397,11.7174
CUST110398,74.8485
CUST110399,92.1563
CUST110400,32.2883
CUST110401,66.3783
CUST110402,22.8659
CUST110403,51.9857
CUST110404,25.7522
CUST110405,75.2898
CUST110406,68.0603
CUST110407,94.4091
CUST110408,75.6214
CUST110409,98.0771
CUST110410,76.1930
CUST110411,71.6809
CUST110412,76.4408
CUST110413,80.1144
CUST110414,76.7771
CUST110415,46.4200
CUST110416,61.7742
CUST110417,72.3589
CUST110418,76.4701
CUST110419,89.7831
CUST110420,79.0398
CUST110421,99.3303
CUST110422,69.7186
CUST110423,34.9255
CUST110424,70.1808
CUST110425,54.7046
CUST110426,89.0315
CUST110427,80.5670
CUST110428,66.2138
CUST110429,74.2415
CUST110430,68.9171
CUST110431,40.4435
CUST110432,95.0776
CUST110433,55.9224
CUST110434,66.3022
CUST110435,77.1597
CUST110436,75.0665
CUST110437,69.0139
CUST110438,46.4201
CUST110439,96.7981
CUST110440,91.1739
CUST110441,81.8982
CUST110442,94.4867
CUST110443,100.0000
CUST110444,60.7078
CUST110445,76.4754
CUST110446,68.1372
CUST110447,56.9416
CUST110448,87.6310
CUST110449,86.4466
CUST110450,100.0000
CUST110451,89.1868
CUST110452,100.0000
CUST110453,39.2665
CUST110454,65.2982
CUST110455,92.1666
CUST110456,84.6240
CUST110457,69.5034
CUST110458,78.4957
CUST110459,90.6267
CUST110460,22.0067
CUST110461,58.3626
CUST110462,73.3224
CUST110463,40.2868
CUST110464,85.6330
CUST110465,32.3966
CUST110466,87.4240
CUST110467,30.4194
CUST110468,55.3304
CUST110469,100.0000
CUST110470,47.6948
CUST110471,86.4327
CUST110472,77.6424
CUST110473,50.4298
CUST110474,61.9274
CUST110475,70.6335
CUST110476,94.8156
CUST110477,66.8662
CUST110478,43.1659
CUST110479,100.0000
CUST110480,48.0939
CUST110481,53.4528
CUST110482,76.2903
CUST110483,100.0000
CUST110484,82.4108
CUST110485,63.6913
CUST110486,27.8498
CUST110487,39.0901
CUST110488,100.0000
CUST110489,46.6879
CUST110490,58.9101
CUST110491,78.0320
CUST110492,37.8202
CUST110493,54.6756
CUST110494,70.0881
CUST110495,41.7589
CUST110496,53.1284
CUST110497,76.5997
CUST110498,74.2924
CUST110499,67.5829
CUST110500,71.6775
CUST110501,71.6184
CUST110502,81.6591
CUST110503,64.2197
CUST110504,67.8834
CUST110505,31.5327
CUST110506,68.4346
CUST110507,56.7477
CUST110508,59.1699
CUST110509,85.7871
CUST110510,54.9788
CUST110511,38.0428
CUST110512,74.3933
CUST110513,95.5804
CUST110514,76.0374
CUST110515,87.9824
CUST110516,79.0083
CUST110517,78.2298
CUST110518,44.2549
CUST110519,71.6270
CUST110520,23.6997
CUST110521,58.4453
CUST110522,49.0265
CUST110523,67.4482
CUST110524,91.7463
CUST110525,94.0357
CUST110526,82.2221
CUST110527,64.2597
CUST110528,88.2387
CUST110529,94.9600
CUST110530,95.6645
CUST110531,61.1399
CUST110532,22.9412
CUST110533,53.3608
CUST110534,72.6200
CUST110535,63.8071
CUST110536,44.9375
CUST110537,90.6817
CUST110538,86.6381
CUST110539,82.3344
CUST110540,55.7481
CUST110541,88.7617
CUST110542,80.6935
CUST110543,57.4170
CUST110544,51.9331
CUST110545,22.6193
CUST110546,97.1531
CUST110547,76.4148
CUST110548,45.1619
CUST110549,76.0590
CUST110550,76.7213
CUST110551,69.0210
CUST110552,91.6733
CUST110553,84.8680
CUST110554,54.4196
CUST110555,64.1973
CUST110556,87.4223
CUST110557,75.5000
CUST110558,84.0201
CUST110559,74.8418
CUST110560,26.1477
CUST110561,85.6394
CUST110562,49.1844
CUST110563,19.0895
CUST110564,63.1699
CUST110565,38.6903
CUST110566,69.6053
CUST110567,31.5534
CUST110568,57.3036
CUST110569,32.7637
CUST110570,48.6680
CUST110571,77.1671
CUST110572,91.9253
CUST110573,66.3713
CUST110574,94.6640
CUST110575,82.4724
CUST110576,56.0209
CUST110577,57.1536
CUST110578,62.7477
CUST110579,25.7506
CUST110580,93.8515
CUST110581,91.9060
CUST110582,90.2465
CUST110583,89.7973
CUST110584,30.1183
CUST110585,66.7791
CUST110586,90.9803
CUST110587,76.9216
CUST110588,42.6280
CUST110589,91.9586
CUST110590,52.4462
CUST110591,88.6047
CUST110592,77.6802
CUST110593,60.6054
CUST110594,82.9481
CUST110595,62.1235
CUST110596,75.7352
CUST110597,64.7361
CUST110598,69.1159
CUST110599,46.5608
CUST110600,63.7642
CUST110601,81.9331
CUST110602,90.3691
CUST110603,68.3427
CUST110604,57.0305
CUST110605,84.1561
CUST110606,66.0224
CUST110607,3.1827
CUST110608,90.9766
CUST110609,37.2243
CUST110610,56.7056
CUST110611,84.2618
CUST110612,79.0968
CUST110613,61.4228
CUST110614,73.5760
CUST110615,42.7346
CUST110616,73.1568
CUST110617,17.6864
CUST110618,78.1734
CUST110619,68.9695
CUST110620,75.5710
CUST110621,84.9165
CUST110622,64.0232
CUST110623,87.0402
CUST110624,71.3551
CUST110625,62.3051
CUST110626,93.5633
CUST110627,78.0657
CUST110628,75.8641
CUST110629,87.7706
CUST110630,96.0077
CUST110631,86.4328
CUST110632,87.6901
CUST110633,70.8346
CUST110634,85.9443
CUST110635,92.3779
CUST110636,77.2447
CUST110637,45.5822
CUST110638,70.1532
CUST110639,75.8270
CUST110640,55.0950
CUST110641,95.6988
CUST110642,54.3948
CUST110643,37.0925
CUST110644,51.9660
CUST110645,100.0000
CUST110646,53.7834
CUST110647,47.8153
CUST110648,96.5934
CUST110649,91.6104
CUST110650,65.6556
CUST110651,86.5384
CUST110652,74.1840
CUST110653,88.9471
CUST110654,47.1614
CUST110655,57.5450
CUST110656,15.9198
CUST110657,15.2089
CUST110658,41.2733
CUST110659,51.5276
CUST110660,64.2249
CUST110661,93.1239
CUST110662,95.5507
CUST110663,97.2000
CUST110664,52.2220
CUST110665,98.8064
CUST110666,42.0798
CUST110667,30.3065
CUST110668,38.2924
CUST110669,82.7191
CUST110670,61.4117
CUST110671,64.9930
CUST110672,78.1120
CUST110673,68.0070
CUST110674,46.6180
CUST110675,50.6046
CUST110676,66.6757
CUST110677,40.6815
CUST110678,35.4407
CUST110679,100.0000
CUST110680,96.3854
CUST110681,57.7263
CUST110682,91.2870
CUST110683,74.7011
CUST110684,38.2976
CUST110685,58.1240
CUST110686,90.4711
CUST110687,49.8975
CUST110688,92.5215
CUST110689,78.0295
CUST110690,34.7276
CUST110691,67.3068
CUST110692,42.2755
CUST110693,90.7453
CUST110694,16.0540
CUST110695,43.3929
CUST110696,29.3060
CUST110697,47.7777
CUST110698,95.1934
CUST110699,82.3511
CUST110700,92.2252
CUST110701,100.0000
CUST110702,89.9882
CUST110703,77.2142
CUST110704,87.0145
CUST110705,88.4418
CUST110706,96.0304
CUST110707,74.0363
CUST110708,91.3839
CUST110709,44.4527
CUST110710,98.9933
CUST110711,78.9636
CUST110712,83.6286
CUST110713,77.0980
CUST110714,81.0681
CUST110715,50.2103
CUST110716,92.7930
CUST110717,69.7806
CUST110718,78.0037
CUST110719,94.6691
CUST110720,10.0423
CUST110721,67.8175
CUST110722,66.5306
CUST110723,59.7308
CUST110724,76.4001
CUST110725,92.5327
CUST110726,82.7629
CUST110727,11.6934
CUST110728,59.8966
CUST110729,100.0000
CUST110730,94.9553
CUST110731,73.5001
CUST110732,47.6313
CUST110733,96.9806
CUST110734,81.8176
CUST110735,32.3843
CUST110736,84.3409
CUST110737,95.9038
CUST110738,81.6305
CUST110739,64.2850
CUST110740,95.5914
CUST110741,31.4520
CUST110742,94.5584
CUST110743,92.0228
CUST110744,65.5371
CUST110745,22.1351
CUST110746,84.0590
CUST110747,51.7017
CUST110748,88.8258
CUST110749,91.0225
CUST110750,83.4993
CUST110751,88.8836
CUST110752,78.5367
CUST110753,78.9258
CUST110754,87.8641
CUST110755,88.3082
CUST110756,78.3053
CUST110757,16.3346
CUST110758,93.7384
CUST110759,50.9254
CUST110760,75.2351
CUST110761,80.9963
CUST110762,59.6792
CUST110763,77.2567
CUST110764,86.6758
CUST110765,54.1675
CUST110766,55.2075
CUST110767,35.6203
CUST110768,65.2427
CUST110769,26.9119
CUST110770,59.6071
CUST110771,47.9428
CUST110772,71.9677
CUST110773,71.5846
CUST110774,69.7540
CUST110775,52.2711
CUST110776,80.9983
CUST110777,65.4591
CUST110778,60.0726
CUST110779,49.6362
CUST110780,53.1627
CUST110781,60.4752
CUST110782,36.9393
CUST110783,52.5313
CUST110784,65.7804
CUST110785,30.7530
CUST110786,66.4474
CUST110787,69.2849
CUST110788,17.3108
CUST110789,87.2061
CUST110790,46.3530
CUST110791,50.0211
CUST110792,87.7707
CUST110793,65.7552
CUST110794,61.5691
CUST110795,63.2113
CUST110796,74.3345
CUST110797,74.9932
CUST110798,94.6504
CUST110799,24.7875
CUST110800,33.5447
CUST110801,100.0000
CUST110802,52.5794
CUST110803,86.8094
CUST110804,54.1397
CUST110805,56.2731
CUST110806,72.5104
CUST110807,100.0000
CUST110808,87.0666
CUST110809,79.0673
CUST110810,61.9871
CUST110811,89.7715
CUST110812,81.0821
CUST110813,59.6455
CUST110814,92.5244
CUST110815,86.9825
CUST110816,76.5766
CUST110817,98.4539
CUST110818,32.0631
CUST110819,92.9571
CUST110820,56.6663
CUST110821,74.8722
CUST110822,67.8178
CUST110823,61.2343
CUST110824,60.3153
CUST110825,52.2773
CUST110826,60.5174
CUST110827,57.8718
CUST110828,75.1446
CUST110829,57.2900
CUST110830,92.5049
CUST110831,28.5314
CUST110832,80.5222
CUST110833,96.2880
CUST110834,75.3258
CUST110835,97.7536
CUST110836,28.4245
CUST110837,69.5545
CUST110838,57.4348
CUST110839,82.9424
CUST110840,99.8950
CUST110841,64.6551
CUST110842,81.7584
CUST110843,90.7985
CUST110844,69.9407
CUST110845,85.0574
CUST110846,70.8694
CUST110847,96.1306
CUST110848,96.6590
CUST110849,49.7482
CUST110850,65.3998
CUST110851,91.0544
CUST110852,93.5785
CUST110853,67.7927
CUST110854,70.8343
CUST110855,67.3701
CUST110856,37.8872
CUST110857,20.8522
CUST110858,100.0000
CUST110859,33.6820
CUST110860,83.7846
CUST110861,77.5857
CUST110862,47.9891
CUST110863,47.7746
CUST110864,79.9466
CUST110865,73.9794
CUST110866,26.4709
CUST110867,62.2224
CUST110868,56.7916
CUST110869,79.7809
CUST110870,26.3265
CUST110871,73.0783
CUST110872,70.4037
CUST110873,91.4531
CUST110874,66.3638
CUST110875,26.5625
CUST110876,82.2988
CUST110877,71.3329
CUST110878,58.2760
CUST110879,36.5802
CUST110880,80.2192
CUST110881,43.1436
CUST110882,46.7638
CUST110883,100.0000
CUST110884,55.8720
CUST110885,46.8006
CUST110886,64.0193
CUST110887,67.6964
CUST110888,80.2003
CUST110889,79.7623
CUST110890,66.3378
CUST110891,68.9134
CUST110892,68.9937
CUST110893,34.4457
CUST110894,83.5789
CUST110895,76.3613
CUST110896,93.4367
CUST110897,63.4246
CUST110898,89.5140
CUST110899,99.1455
CUST110900,49.1696
CUST110901,79.8508
CUST110902,67.4655
CUST110903,84.4928
CUST110904,62.0905
CUST110905,25.5267
CUST110906,96.8872
CUST110907,88.6045
CUST110908,96.6757
CUST110909,41.9628
CUST110910,71.9052
CUST110911,75.3689
CUST110912,59.4856
CUST110913,75.0647
CUST110914,99.4161
CUST110915,69.6556
CUST110916,70.7693
CUST110917,88.2292
CUST110918,31.0836
CUST110919,56.2034
CUST110920,56.3013
CUST110921,81.9429
CUST110922,71.9322
CUST110923,83.6216
CUST110924,90.2918
CUST110925,19.6912
CUST110926,38.8255
CUST110927,92.3414
CUST110928,42.2796
CUST110929,62.0020
CUST110930,47.9804
CUST110931,63.0476
CUST110932,65.0687
CUST110933,94.0176
CUST110934,65.0841
CUST110935,65.6460
CUST110936,72.1060
CUST110937,12.5530
CUST110938,51.2461
CUST110939,68.5520
CUST110940,52.5793
CUST110941,90.9837
CUST110942,58.5194
CUST110943,26.5243
CUST110944,75.6651
CUST110945,42.6073
CUST110946,81.1873
CUST110947,92.3829
CUST110948,71.2274
CUST110949,54.2236
CUST110950,94.1674
CUST110951,16.8085
CUST110952,45.4669
CUST110953,96.1282
CUST110954,68.7544
CUST110955,65.2479
CUST110956,38.3757
CUST110957,93.3076
CUST110958,69.0272
CUST110959,60.2218
CUST110960,77.5382
CUST110961,51.6405
CUST110962,70.0782
CUST110963,56.2915
CUST110964,46.4412
CUST110965,52.9555
CUST110966,61.9333
CUST110967,50.3636
CUST110968,45.4646
CUST110969,53.7549
CUST110970,55.1403
CUST110971,54.2331
CUST110972,69.2087
CUST110973,47.1214
CUST110974,40.1246
CUST110975,39.8497
CUST110976,92.5739
CUST110977,44.8011
CUST110978,78.9938
CUST110979,55.2658
CUST110980,46.6595
CUST110981,59.9938
CUST110982,77.7551
CUST110983,77.8972
CUST110984,92.2427
CUST110985,51.1448
CUST110986,92.5071
CUST110987,35.5182
CUST110988,70.9335
CUST110989,41.7678
CUST110990,90.8151
CUST110991,91.3631
CUST110992,71.7172
CUST110993,44.6187
CUST110994,51.0310
CUST110995,72.3175
CUST110996,26.5660
CUST110997,54.7972
CUST110998,86.5211
CUST110999,96.7716
CUST111000,59.3952
CUST111001,41.0000
CUST111002,86.8451
CUST111003,43.0586
CUST111004,51.6041
CUST111005,92.2208
CUST111006,30.8710
CUST111007,79.2497
CUST111008,56.9659
CUST111009,25.6290
CUST111010,91.8784
CUST111011,61.2279
CUST111012,85.5116
CUST111013,77.5340
CUST111014,67.7330
CUST111015,98.7771
CUST111016,16.3851
CUST111017,81.9256
CUST111018,40.7811
CUST111019,85.5999
CUST111020,83.0562
CUST111021,74.6428
CUST111022,70.9967
CUST111023,48.2157
CUST111024,83.6563
CUST111025,81.7357
CUST111026,91.1553
CUST111027,49.2413
CUST111028,24.7756
CUST111029,9.1837
CUST111030,87.6758
CUST111031,73.2123
CUST111032,99.1225
CUST111033,48.6847
CUST111034,98.1131
CUST111035,48.5619
CUST111036,98.6116
CUST111037,90.6001
CUST111038,38.4904
CUST111039,75.8949
CUST111040,23.1841
CUST111041,69.3210
CUST111042,82.2866
CUST111043,71.5153
CUST111044,36.6079
CUST111045,34.6164
CUST111046,98.5404
CUST111047,70.0189
CUST111048,47.1604
CUST111049,35.4561
CUST111050,51.0047
CUST111051,85.4248
CUST111052,84.3627
CUST111053,92.0152
CUST111054,51.1956
CUST111055,95.4207
CUST111056,100.0000
CUST111057,34.1835
CUST111058,94.7923
CUST111059,93.9733
CUST111060,62.6292
CUST111061,100.0000
CUST111062,65.8844
CUST111063,66.4452
CUST111064,63.1663
CUST111065,89.9852
CUST111066,99.8786
CUST111067,92.8019
CUST111068,73.4053
CUST111069,41.2954
CUST111070,82.2189
CUST111071,83.9635
CUST111072,37.6666
CUST111073,23.5074
CUST111074,50.1030
CUST111075,92.7304
CUST111076,100.0000
CUST111077,82.6512
CUST111078,36.0536
CUST111079,55.3816
CUST111080,48.1372
CUST111081,72.7348
CUST111082,73.2716
CUST111083,61.7198
CUST111084,38.7214
CUST111085,41.1842
CUST111086,57.7373
CUST111087,92.1210
CUST111088,24.7278
CUST111089,58.3260
CUST111090,52.6203
CUST111091,72.7852
CUST111092,70.9441
CUST111093,47.3058
CUST111094,61.9323
CUST111095,86.3877
CUST111096,61.8499
CUST111097,100.0000
CUST111098,67.3221
CUST111099,71.8214
CUST111100,98.5592
CUST111101,82.5117
CUST111102,95.6886
CUST111103,88.2378
CUST111104,76.2610
CUST111105,79.0381
CUST111106,99.7299
CUST111107,86.4988
CUST111108,88.3277
CUST111109,90.7702
CUST111110,52.9822
CUST111111,43.0448
CUST111112,67.5475
CUST111113,20.2348
CUST111114,77.3895
CUST111115,83.8244
CUST111116,85.8762
CUST111117,88.2082
CUST111118,48.9261
CUST111119,96.8103
CUST111120,99.2858
CUST111121,73.1439
CUST111122,75.0496
CUST111123,87.5047
CUST111124,60.9027
CUST111125,63.2164
CUST111126,74.2671
CUST111127,39.9111
CUST111128,63.2861
CUST111129,91.7200
CUST111130,88.3233
CUST111131,86.5615
CUST111132,72.3284
CUST111133,59.6015
CUST111134,65.8373
CUST111135,56.2322
CUST111136,53.3486
CUST111137,82.9230
CUST111138,67.4335
CUST111139,91.1934
CUST111140,73.4391
CUST111141,84.6694
CUST111142,81.4003
CUST111143,34.2206
CUST111144,89.1314
CUST111145,46.7049
CUST111146,54.6439
CUST111147,37.5259
CUST111148,95.3714
CUST111149,81.9574
CUST111150,69.8743
CUST111151,82.0222
CUST111152,31.4392
CUST111153,100.0000
CUST111154,91.4367
CUST111155,72.9336
CUST111156,98.8471
CUST111157,97.7623
CUST111158,88.6028
CUST111159,60.3559
CUST111160,57.7405
CUST111161,49.4517
CUST111162,92.0401
CUST111163,74.9374
CUST111164,32.4772
CUST111165,69.5468
CUST111166,89.7265
CUST111167,96.0686
CUST111168,98.9233
CUST111169,84.6446
CUST111170,61.8521
CUST111171,77.9468
CUST111172,78.3638
CUST111173,8.8961
CUST111174,56.1395
CUST111175,83.3338
CUST111176,31.6495
CUST111177,84.0127
CUST111178,59.6709
CUST111179,79.1826
CUST111180,65.4092
CUST111181,37.9561
CUST111182,78.4235
CUST111183,78.8600
CUST111184,80.6892
CUST111185,49.7587
CUST111186,38.8560
CUST111187,76.0188
CUST111188,67.9428
CUST111189,100.0000
CUST111190,97.1824
CUST111191,95.3799
CUST111192,73.8503
CUST111193,99.7110
CUST111194,82.2971
CUST111195,72.9406
CUST111196,55.4333
CUST111197,81.4764
CUST111198,62.4852
CUST111199,100.0000
CUST111200,54.0954
CUST111201,17.5358
CUST111202,86.4886
CUST111203,62.2391
CUST111204,95.1935
CUST111205,71.8081
CUST111206,49.4498
CUST111207,69.3962
CUST111208,70.9336
CUST111209,53.0412
CUST111210,72.9926
CUST111211,89.1235
CUST111212,75.6740
CUST111213,48.4366
CUST111214,64.7505
CUST111215,29.5011
CUST111216,66.8890
CUST111217,84.6433
CUST111218,46.3083
CUST111219,99.5428
CUST111220,94.3385
CUST111221,77.1539
CUST111222,79.8756
CUST111223,68.2859
CUST111224,90.3990
CUST111225,37.3349
CUST111226,66.9383
CUST111227,85.0391
CUST111228,83.8173
CUST111229,67.2613
CUST111230,100.0000
CUST111231,70.5519
CUST111232,100.0000
CUST111233,77.0839
CUST111234,49.7733
CUST111235,24.8904
CUST111236,95.2509
CUST111237,54.8400
CUST111238,40.0916
CUST111239,68.6632
CUST111240,36.8893
CUST111241,75.1135
CUST111242,35.0371
CUST111243,61.8232
CUST111244,85.9666
CUST111245,71.5404
CUST111246,55.0738
CUST111247,90.7914
CUST111248,59.2261
CUST111249,68.7797
CUST111250,76.7192
CUST111251,45.8914
CUST111252,69.1644
CUST111253,62.1111
CUST111254,75.8871
CUST111255,40.2737
CUST111256,49.3390
CUST111257,91.8238
CUST111258,67.4704
CUST111259,52.4735
CUST111260,97.8453
CUST111261,61.0544
CUST111262,48.3939
CUST111263,66.1233
CUST111264,45.4707
CUST111265,46.6484
CUST111266,67.6961
CUST111267,63.5573
CUST111268,99.9559
CUST111269,71.6866
CUST111270,64.9651
CUST111271,59.9211
CUST111272,59.4106
CUST111273,81.1602
CUST111274,79.1745
CUST111275,75.3763
CUST111276,87.8924
CUST111277,92.8258
CUST111278,56.9805
CUST111279,95.7753
CUST111280,80.2795
CUST111281,73.9801
CUST111282,20.6929
CUST111283,74.0791
CUST111284,72.7829
CUST111285,88.0885
CUST111286,69.7254
CUST111287,59.6933
CUST111288,62.5138
CUST111289,69.0497
CUST111290,61.5112
CUST111291,91.7202
CUST111292,88.1455
CUST111293,39.3616
CUST111294,46.1058
CUST111295,82.2297
CUST111296,93.1612
CUST111297,28.9639
CUST111298,67.6371
CUST111299,58.1161
CUST111300,72.8141
CUST111301,68.1427
CUST111302,69.5332
CUST111303,75.5465
CUST111304,79.5919
CUST111305,79.1383
CUST111306,56.6185
CUST111307,54.4339
CUST111308,94.9155
CUST111309,88.4287
CUST111310,83.0820
CUST111311,78.6870
CUST111312,67.1078
CUST111313,80.3202
CUST111314,86.0094
CUST111315,43.4719
CUST111316,100.0000
CUST111317,59.6902
CUST111318,88.8472
CUST111319,57.0513
CUST111320,94.9568
CUST111321,78.0937
CUST111322,97.2393
CUST111323,13.9187
CUST111324,93.9271
CUST111325,63.0212
CUST111326,50.9463
CUST111327,53.9734
CUST111328,93.4286
CUST111329,74.6312
CUST111330,100.0000
CUST111331,66.9445
CUST111332,35.4501
CUST111333,46.8081
CUST111334,37.9110
CUST111335,67.4673
CUST111336,75.9190
CUST111337,51.6144
CUST111338,98.4476
CUST111339,81.2893
CUST111340,53.2009
CUST111341,34.8610
CUST111342,100.0000
CUST111343,89.1760
CUST111344,58.2418
CUST111345,81.2892
CUST111346,96.4482
CUST111347,92.7837
CUST111348,96.6477
CUST111349,73.2416
CUST111350,89.9592
CUST111351,83.6427
CUST111352,90.5433
CUST111353,49.5313
CUST111354,64.5403
CUST111355,46.5327
CUST111356,94.0991
CUST111357,53.4865
CUST111358,39.9260
CUST111359,39.4479
CUST111360,68.0811
CUST111361,76.8380
CUST111362,24.4204
CUST111363,55.5395
CUST111364,65.8486
CUST111365,73.3963
CUST111366,92.6067
CUST111367,100.0000
CUST111368,17.8198
CUST111369,40.4975
CUST111370,100.0000
CUST111371,87.9939
CUST111372,65.8020
CUST111373,72.1827
CUST111374,73.0307
CUST111375,86.4409
CUST111376,98.2608
CUST111377,81.2870
CUST111378,44.7777
CUST111379,64.7966
CUST111380,95.3780
CUST111381,44.0985
CUST111382,51.3678
CUST111383,66.2928
CUST111384,62.5978
CUST111385,74.5617
CUST111386,84.6424
CUST111387,70.8774
CUST111388,91.8318
CUST111389,67.2632
CUST111390,66.4215
CUST111391,93.8980
CUST111392,88.4935
CUST111393,72.0020
CUST111394,55.0174
CUST111395,90.7136
CUST111396,43.0512
CUST111397,89.4775
CUST111398,88.7114
CUST111399,48.0681
CUST111400,91.5033
CUST111401,50.1501
CUST111402,55.3465
CUST111403,59.4417
CUST111404,72.3021
CUST111405,83.0296
CUST111406,95.4635
CUST111407,60.1605
CUST111408,93.9695
CUST111409,71.3456
CUST111410,97.4028
CUST111411,61.8322
CUST111412,90.2172
CUST111413,29.0881
CUST111414,92.9906
CUST111415,80.4099
CUST111416,63.6467
CUST111417,89.5063
CUST111418,90.8822
CUST111419,74.2088
CUST111420,71.9557
CUST111421,100.0000
CUST111422,92.0956
CUST111423,62.3284
CUST111424,60.3144
CUST111425,41.0422
CUST111426,93.9938
CUST111427,29.2710
CUST111428,84.2406
CUST111429,62.4064
CUST111430,67.8326
CUST111431,92.1807
CUST111432,63.5063
CUST111433,77.2892
CUST111434,79.5382
CUST111435,71.7997
CUST111436,52.8811
CUST111437,70.8494
CUST111438,68.7280
CUST111439,78.2015
CUST111440,77.5621
CUST111441,56.7074
CUST111442,67.0491
CUST111443,51.2963
CUST111444,67.1857
CUST111445,93.5205
CUST111446,81.9776
CUST111447,64.8449
CUST111448,45.9297
CUST111449,23.6452
CUST111450,97.1601
CUST111451,62.6811
CUST111452,35.5911
CUST111453,19.1298
CUST111454,76.3241
CUST111455,54.4276
CUST111456,97.0661
CUST111457,72.1804
CUST111458,60.2425
CUST111459,83.6836
CUST111460,93.8430
CUST111461,96.8942
CUST111462,80.1041
CUST111463,97.4571
CUST111464,90.0129
CUST111465,53.8459
CUST111466,74.9474
CUST111467,84.8030
CUST111468,95.4188
CUST111469,84.4088
CUST111470,52.0935
CUST111471,81.1739
CUST111472,59.5537
CUST111473,73.2418
CUST111474,61.7757
CUST111475,92.0622
CUST111476,81.8951
CUST111477,34.0047
CUST111478,72.8007
CUST111479,79.4502
CUST111480,66.1972
CUST111481,48.5044
CUST111482,97.4348
CUST111483,20.9441
CUST111484,88.2820
CUST111485,38.6208
CUST111486,91.7617
CUST111487,39.1493
CUST111488,73.5615
CUST111489,86.0861
CUST111490,87.8336
CUST111491,69.0940
CUST111492,73.4636
CUST111493,37.6908
CUST111494,82.9845
CUST111495,93.1403
CUST111496,85.5127
CUST111497,35.9933
CUST111498,60.2990
CUST111499,93.4472
CUST111500,43.1132
CUST111501,81.4325
CUST111502,20.1820
CUST111503,77.3508
CUST111504,77.5788
CUST111505,71.3535
CUST111506,62.9844
CUST111507,82.7330
CUST111508,85.7141
CUST111509,41.5733
CUST111510,37.6737
CUST111511,95.8343
CUST111512,83.5297
CUST111513,71.7117
CUST111514,77.8314
CUST111515,78.9353
CUST111516,58.1667
CUST111517,87.7942
CUST111518,83.0992
CUST111519,47.8567
CUST111520,77.7984
CUST111521,67.8020
CUST111522,51.3025
CUST111523,78.9805
CUST111524,68.9300
CUST111525,84.9925
CUST111526,17.8910
CUST111527,67.4342
CUST111528,58.5052
CUST111529,97.4729
CUST111530,97.0720
CUST111531,91.0371
CUST111532,81.4563
CUST111533,89.1006
CUST111534,96.2902
CUST111535,87.5072
CUST111536,98.5774
CUST111537,90.0331
CUST111538,71.9398
CUST111539,70.7822
CUST111540,69.9086
CUST111541,100.0000
CUST111542,89.9291
CUST111543,92.7474
CUST111544,95.3281
CUST111545,70.8036
CUST111546,52.7505
CUST111547,48.5955
CUST111548,19.7826
CUST111549,12.3961
CUST111550,74.5490
CUST111551,86.7567
CUST111552,57.6247
CUST111553,46.4570
CUST111554,91.6946
CUST111555,68.9324
CUST111556,77.0548
CUST111557,81.9163
CUST111558,92.1322
CUST111559,71.1425
CUST111560,60.1717
CUST111561,88.3772
CUST111562,52.0937
CUST111563,49.8511
CUST111564,53.5421
CUST111565,88.9875
CUST111566,91.9081
CUST111567,11.7373
CUST111568,40.5567
CUST111569,39.9838
CUST111570,99.2558
CUST111571,67.9030
CUST111572,62.8383
CUST111573,65.8552
CUST111574,25.7392
CUST111575,66.1012
CUST111576,69.4576
CUST111577,43.0178
CUST111578,92.8016
CUST111579,91.0945
CUST111580,83.1657
CUST111581,71.6896
CUST111582,27.7515
CUST111583,80.8519
CUST111584,56.4534
CUST111585,90.7163
CUST111586,21.5032
CUST111587,29.1640
CUST111588,81.3028
CUST111589,87.6873
CUST111590,64.4464
CUST111591,93.3834
CUST111592,70.0124
CUST111593,88.5758
CUST111594,81.1129
CUST111595,79.7324
CUST111596,82.8479
CUST111597,19.0673
CUST111598,84.3011
CUST111599,95.7701
CUST111600,98.6117
CUST111601,32.8583
CUST111602,23.9569
CUST111603,87.7694
CUST111604,73.2258
CUST111605,47.2839
CUST111606,99.1990
CUST111607,91.5419
CUST111608,56.0213
CUST111609,67.4445
CUST111610,14.5392
CUST111611,92.7102
CUST111612,57.7600
CUST111613,72.2586
CUST111614,62.6798
CUST111615,38.6262
CUST111616,96.1788
CUST111617,40.0729
CUST111618,71.5215
CUST111619,92.3309
CUST111620,87.6136
CUST111621,7.6094
CUST111622,84.1420
CUST111623,58.2912
CUST111624,64.9620
CUST111625,75.5010
CUST111626,83.9424
CUST111627,78.5524
CUST111628,89.3814
CUST111629,72.8732
CUST111630,66.3107
CUST111631,54.8719
CUST111632,76.2711
CUST111633,96.1606
CUST111634,39.4053
CUST111635,97.6219
CUST111636,97.3160
CUST111637,82.4560
CUST111638,89.8499
CUST111639,94.6694
CUST111640,57.2014
CUST111641,70.5776
CUST111642,62.0828
CUST111643,68.1955
CUST111644,12.0167
CUST111645,70.5720
CUST111646,68.1201
CUST111647,88.9438
CUST111648,15.9744
CUST111649,84.4483
CUST111650,35.6123
CUST111651,60.4931
CUST111652,100.0000
CUST111653,46.8391
CUST111654,99.7714
CUST111655,54.0086
CUST111656,89.5819
CUST111657,23.3812
CUST111658,48.9813
CUST111659,75.9454
CUST111660,64.8368
CUST111661,53.4226
CUST111662,84.0758
CUST111663,99.9168
CUST111664,91.3137
CUST111665,75.6915
CUST111666,35.3906
CUST111667,68.3821
CUST111668,65.5125
CUST111669,85.4062
CUST111670,54.6558
CUST111671,59.0503
CUST111672,60.6910
CUST111673,88.5025
CUST111674,97.9731
CUST111675,95.8832
CUST111676,22.6208
CUST111677,77.3592
CUST111678,63.4864
CUST111679,90.0542
CUST111680,99.2399
CUST111681,70.6048
CUST111682,75.3343
CUST111683,43.9029
CUST111684,59.9266
CUST111685,41.4582
CUST111686,72.8813
CUST111687,49.4919
CUST111688,59.5275
CUST111689,23.8490
CUST111690,61.2837
CUST111691,64.7701
CUST111692,54.2219
CUST111693,72.7188
CUST111694,86.6705
CUST111695,92.7598
CUST111696,93.2457
CUST111697,30.0638
CUST111698,38.6152
CUST111699,70.2690
CUST111700,86.4237
CUST111701,91.6612
CUST111702,65.9230
CUST111703,86.0511
CUST111704,100.0000
CUST111705,79.2941
CUST111706,69.9541
CUST111707,47.6520
CUST111708,73.8520
CUST111709,93.7218
CUST111710,24.6052
CUST111711,74.2112
CUST111712,53.2679
CUST111713,84.8356
CUST111714,60.6417
CUST111715,92.3059
CUST111716,57.2816
CUST111717,83.5084
CUST111718,77.3288
CUST111719,94.7010
CUST111720,91.1431
CUST111721,64.7364
CUST111722,18.9197
CUST111723,92.6844
CUST111724,66.2493
CUST111725,33.9778
CUST111726,17.0210
CUST111727,91.5653
CUST111728,36.0264
CUST111729,75.3754
CUST111730,83.8239
CUST111731,100.0000
CUST111732,76.0940
CUST111733,93.5902
CUST111734,90.3466
CUST111735,81.2608
CUST111736,97.3175
CUST111737,82.1119
CUST111738,90.9214
CUST111739,90.5485
CUST111740,53.6732
CUST111741,79.7621
CUST111742,95.1655
CUST111743,42.5744
CUST111744,96.2111
CUST111745,95.7823
CUST111746,46.5071
CUST111747,75.3335
CUST111748,69.8428
CUST111749,54.1002
CUST111750,67.1378
CUST111751,92.4056
CUST111752,46.8087
CUST111753,71.9926
CUST111754,91.2830
CUST111755,17.1675
CUST111756,21.3962
CUST111757,88.4712
CUST111758,99.4622
CUST111759,85.4593
CUST111760,94.0122
CUST111761,88.8126
CUST111762,86.8308
CUST111763,12.7284
CUST111764,87.3203
CUST111765,29.8535
CUST111766,93.9080
CUST111767,63.9410
CUST111768,71.9706
CUST111769,47.8883
CUST111770,82.3586
CUST111771,88.5001
CUST111772,46.5205
CUST111773,86.2030
CUST111774,93.3219
CUST111775,50.3439
CUST111776,80.3448
CUST111777,81.9638
CUST111778,37.3693
CUST111779,81.8975
CUST111780,43.9521
CUST111781,24.3439
CUST111782,94.6722
CUST111783,49.7873
CUST111784,38.6253
CUST111785,70.4205
CUST111786,99.4033
CUST111787,86.4009
CUST111788,56.7871
CUST111789,93.0267
CUST111790,78.1073
CUST111791,99.4876
CUST111792,84.1784
CUST111793,85.6362
CUST111794,37.3591
CUST111795,75.5358
CUST111796,38.3781
CUST111797,98.3606
CUST111798,84.9029
CUST111799,81.0485
CUST111800,84.0048
CUST111801,98.1652
CUST111802,100.0000
CUST111803,73.9423
CUST111804,84.6566
CUST111805,94.0832
CUST111806,40.4273
CUST111807,31.3392
CUST111808,86.2100
CUST111809,80.8999
CUST111810,86.4449
CUST111811,84.2507
CUST111812,96.2870
CUST111813,31.4861
CUST111814,79.3705
CUST111815,76.9678
CUST111816,92.7276
CUST111817,74.3090
CUST111818,88.9124
CUST111819,22.6628
CUST111820,64.2446
CUST111821,22.0446
CUST111822,42.4505
CUST111823,80.0664
CUST111824,74.0399
CUST111825,33.4111
CUST111826,39.1907
CUST111827,89.2181
CUST111828,30.8768
CUST111829,87.8776
CUST111830,16.0722
CUST111831,34.8859
CUST111832,64.7039
CUST111833,43.5517
CUST111834,61.4246
CUST111835,46.9429
CUST111836,47.3589
CUST111837,73.8403
CUST111838,62.4396
CUST111839,75.0235
CUST111840,69.1060
CUST111841,93.8643
CUST111842,94.8326
CUST111843,84.7512
CUST111844,81.0587
CUST111845,51.2525
CUST111846,61.3882
CUST111847,73.2505
CUST111848,68.6108
CUST111849,52.3202
CUST111850,76.8532
CUST111851,82.1465
CUST111852,90.2693
CUST111853,45.3247
CUST111854,76.0825
CUST111855,75.3716
CUST111856,67.7071
CUST111857,90.6416
CUST111858,81.0133
CUST111859,27.8800
CUST111860,59.2901
CUST111861,88.2847
CUST111862,93.6867
CUST111863,70.1798
CUST111864,47.3117
CUST111865,59.1731
CUST111866,96.0297
CUST111867,89.8510
CUST111868,84.4165
CUST111869,74.9577
CUST111870,79.2727
CUST111871,98.5076
CUST111872,88.9999
CUST111873,53.3738
CUST111874,82.3179
CUST111875,58.7379
CUST111876,72.9817
CUST111877,83.2308
CUST111878,30.2632
CUST111879,86.7521
CUST111880,76.9792
CUST111881,100.0000
CUST111882,97.1791
CUST111883,88.7905
CUST111884,95.1807
CUST111885,76.8643
CUST111886,54.9547
CUST111887,93.7237
CUST111888,66.4011
CUST111889,37.5451
CUST111890,96.4109
CUST111891,63.3303
CUST111892,76.5112
CUST111893,76.8444
CUST111894,50.6297
CUST111895,71.5645
CUST111896,47.5714
CUST111897,41.1496
CUST111898,82.1534
CUST111899,57.5727
CUST111900,97.8902
CUST111901,89.5639
CUST111902,80.2688
CUST111903,97.1356
CUST111904,72.5800
CUST111905,54.6981
CUST111906,94.8114
CUST111907,93.1494
CUST111908,76.5838
CUST111909,73.5156
CUST111910,27.5649
CUST111911,58.3396
CUST111912,53.9575
CUST111913,88.3600
CUST111914,75.4759
CUST111915,96.0671
CUST111916,46.4358
CUST111917,56.7417
CUST111918,89.9052
CUST111919,69.2921
CUST111920,95.3547
CUST111921,84.1682
CUST111922,40.2293
CUST111923,65.7710
CUST111924,37.3182
CUST111925,75.6290
CUST111926,69.1466
CUST111927,74.1036
CUST111928,92.9471
CUST111929,52.9967
CUST111930,81.9088
CUST111931,56.4100
CUST111932,61.7914
CUST111933,23.3239
CUST111934,11.5427
CUST111935,56.1601
CUST111936,72.5834
CUST111937,68.7024
CUST111938,77.3053
CUST111939,81.4548
CUST111940,38.2231
CUST111941,94.6516
CUST111942,37.2017
CUST111943,86.5953
CUST111944,87.7421
CUST111945,59.9061
CUST111946,39.2380
CUST111947,84.3905
CUST111948,65.9440
CUST111949,64.6900
CUST111950,93.9217
CUST111951,36.5992
CUST111952,94.8906
CUST111953,90.9213
CUST111954,42.4710
CUST111955,81.8498
CUST111956,55.5002
CUST111957,95.0824
CUST111958,45.3289
CUST111959,61.2443
CUST111960,74.0762
CUST111961,78.2456
CUST111962,61.3835
CUST111963,55.7421
CUST111964,94.9088
CUST111965,60.0924
CUST111966,37.3303
CUST111967,86.9927
CUST111968,71.6982
CUST111969,75.7562
CUST111970,68.0657
CUST111971,63.7639
CUST111972,60.5526
CUST111973,100.0000
CUST111974,89.8267
CUST111975,21.0006
CUST111976,59.2924
CUST111977,33.4287
CUST111978,69.7311
CUST111979,91.4209
CUST111980,58.9644
CUST111981,50.2908
CUST111982,62.9233
CUST111983,25.2585
CUST111984,26.8367
CUST111985,66.9179
CUST111986,100.0000
CUST111987,38.1255
CUST111988,64.7565
CUST111989,69.1234
CUST111990,35.3531
CUST111991,96.0554
CUST111992,70.3402
CUST111993,49.6370
CUST111994,66.3110
CUST111995,89.3481
CUST111996,53.1203
CUST111997,43.6469
CUST111998,76.7605
CUST111999,91.7228
