feature,standardized_coefficient,absolute_coefficient
cyber_protection,0.4233994693659,0.4233994693659
insurance_products,0.3220936369275309,0.3220936369275309
digital_behavior_score,0.2977066224615114,0.2977066224615114
two_factor_auth,0.2659113483801672,0.2659113483801672
internet_activity,0.22041976238568928,0.22041976238568928
mobile_app_usage,0.21636642378629348,0.21636642378629348
password_manager,0.2099506416917268,0.2099506416917268
identity_protection,0.1986069640631493,0.1986069640631493
active_policies,0.15183016168524513,0.15183016168524513
security_training,0.1368497068888548,0.1368497068888548
online_payments_ratio,0.11119462038371368,0.11119462038371368
marketing_response,0.08522351089151503,0.08522351089151503
gadget_insurance,0.06842726305459794,0.06842726305459794
property_insurance,0.06294345807770285,0.06294345807770285
car_insurance,0.0552628372803136,0.0552628372803136
travel_insurance,0.05405724628382773,0.05405724628382773
life_insurance,0.051913938301803,0.051913938301803
years_with_company,0.05013044173197816,0.05013044173197816
health_insurance,0.04840629908503734,0.04840629908503734
regional_risk,-0.04336483464508213,0.04336483464508213
financial_literacy,0.04126799863799147,0.04126799863799147
occupation_risk,-0.0362992746001745,0.0362992746001745
late_payments,-0.019667056485672744,0.019667056485672744
payment_discipline,-0.014548647035454944,0.014548647035454944
income,0.012879835509841111,0.012879835509841111
age,0.01210626163029134,0.01210626163029134
health_index,-0.011895644207368761,0.011895644207368761
days_since_last_login,-0.010952628026040948,0.010952628026040948
average_balance,0.009135098820646458,0.009135098820646458
children,0.009021825417311785,0.009021825417311785
number_of_claims,0.008395345265171139,0.008395345265171139
natural_disaster_risk,-0.008159914625801306,0.008159914625801306
customer_loyalty,0.006208158623096161,0.006208158623096161
credit_score,0.006066082415993627,0.006066082415993627
mobile_sessions,0.005286339198831671,0.005286339198831671
crime_rate,0.004987385507157526,0.004987385507157526
bank_products,-0.004769206574235005,0.004769206574235005
average_claim_cost,-0.004178203035550211,0.004178203035550211
days_since_last_policy,-0.003920279704056551,0.003920279704056551
call_center_contacts,0.0038919292306972527,0.0038919292306972527
claim_frequency,-0.003509696582949267,0.003509696582949267
website_visits,-0.003485761548103257,0.003485761548103257
loan_amount,0.0033612098843380706,0.0033612098843380706
car_value,0.0024662455157943163,0.0024662455157943163
mortgage,-0.0022963400461270696,0.0022963400461270696
house_value,-0.002012808358093169,0.002012808358093169
fraud_flag,-0.0019400533541904786,0.0019400533541904786
smartphone_age,0.0018220947250997812,0.0018220947250997812
risk_tolerance,-0.0017064219070985224,0.0017064219070985224
smartphone_price,-0.0013042122377927342,0.0013042122377927342
cyber_risk,-0.0005950048003229907,0.0005950048003229907
expired_policies,0.00035682272342189955,0.00035682272342189955
